ID,day,highorlow,both,00cd2f68603124759047487807589f27,00d2bfd458db807e323de703ef956d04,00dbcec69924cc7694d15fa0e7d8ad8c,01725d7e141e43a2994e7f5de886e980,0238891716ac6b7d6774b17ead99fb19,029254abd0a4819b42cecdc7f837345d,033d60aceccfbfdc8b4fe0bbc6e94c68,03a1f9f63e2fa6c7bdf27d33eba2b09d,03d1db1ccc574034f8242e94d57eca3b,03ff8187484b27b9869a498ad4c75f94,04321672b2db0c56af1fbadcb1b384bd,0452f47916b567edc6ad68c95ed4f30b,04f11566c760a465cbfa03687a11b21b,0570b4a067b34904d37cb5ddc848b221,06538b77450f85903962437f449fa60a,07ada700bac2f7f2be6873ac1841016a,08bcc8dd1d1c5ef6ef7a27d0b4e9ecc0,08ce27cee52afc14d82faaae7852a600,08eba18fc9aa967e5e29f20ee5041a60,08eedcaf8f982611c4982038139f6271,08faf2041b38f0c8f2faa68e7d5edd31,09fe878f37fdb48cdc41797c656c05b2,0a24cca651c9c058851a28b0e6c814de,0a5358867dfb68be99229ecb6e889669,0ad13b6d1cd98ad7e8f6ee9909d33114,0ae3f2cc35faa03be838c0b1ac8abc13,0b44ea8ebcc8d654c44e2dc4060c553c,0c7ffcf91366514b5be7e8362a2333be,0cd7b1cc6232d6896e37e6cff5489de7,0df2843faa2a486aede2869eb8e54dce,0df6c802966e8670279671824da4f10a,0e6460ffd80870b126eedd80fc64dcbb,0e65321cb20597b768ea8b9b5f0ae5ad,0e6645acd71bc7e1dc285638b8c3b44b,0ea657b2164cb4ba1dbd78d9db23f67f,0eb5855d34332b856c77d341b32a3eaa,0f276b28ea3ba352f6fd667c1e298c38,0f2a5acc53e55f2c9f0c7409421dc5a0,0f67a5e1b571067bad8ca732ad341358,0fde62806e4413be1846e836dba2c786,10055b4de0b725f946f9dc5f3e8409df,12470c486f558c083c46b45408cae9c6,128663d8fbf501fb5f4812f214e4f1bc,1328ddadac3f2d08eb25e79a18f7e574,13506518b825bfbd65794347af5958c6,13e0bb6222a7d1d32df68a7fd0ff6670,14a9206d795f61aafdebaf4f8df50aee,14c2ca321805a7b92310cc84033e2f4f,14e78619269b8c45554ab4a8ddf2f22c,15c484bd64fcdb4782320ef83e072ff9,1841ceeb252a3e471065c84c01175567,185fd5fa18cb1cc8b0fa2bacf60af299,18a77eb5b6771aa57950160751f4f005,1ad106850823904ec6b0677ec26a6bf4,1afec13466bdb40664352b77f8c8cd8f,1c281deaf71c6d702d1ddadfa953eac6,1c2c69d76d54199c9b1298c0bb4633e9,1d905be60ed8bd0dc8ca7b7493b51b7f,1f78700f14bc3ea495abffeade4b95f4,1fdb09b154f347c35de3aad68774cb79,1fe5f2631d9b801a5c0cc2c8140562d4,20a7aa268cdc6443e94e5b35773e1a22,216ee8ae7cdad293b151af87363d51d6,2197e3c697e9c1427ae1c3277d3c71f9,226ab97195d19858d059fffaef17f5d7,22907d450b79c927e4ffe34a2d09d2aa,235a3631d1cc01de1de9aa6fc9025300,241358149d169fe77c6d1070671e4264,25f537c4856de1617e682de90caba215,2674eb77e7ca3dcefbb43a1b5f4c05b5,2678ed3808ef43759fe3dcf46f1b1a05,26d95f66b97240febac5d7976fe5ebaf,270a745647e1f4f2daefddcae78b43c7,2745952af5e8d930046ede826265e210,2747bd94a19fbfa82f1e90e326d2f100,280cae4ed1d5584eace84a6a3497bb99,28c287c41376bfb33937c2e1b2732749,290403046444a7e5bfa4a515e459b14b,294439019add4f19e8d5d95d40921207,2a1ccacb20e0420b54c67d171cebb8c1,2a89717b521dc276ae1bd08090909dc4,2b90532f7b4cc2c26abd0f1f1657f80b,2bb9f3162d8c41e8f1045c8b52c3878f,2ce88e05f1919882b01289628bd3d156,2cf0267a31dc6f1b8ee65c913b8f6e4d,2d01d21dc12ee96d173b6ab4e83f9a3b,2e37b6cded021b5cf44cc2c6ed519bc4,31217980cfdf305668ba9c8482a34e81,32048bc37f42f1fac1d65633b809201e,32305073274a4cc8396f35c82fe6054b,3257b4b3da574c3517f8017ceeb02bc5,325ce268c8bbe026198a5ca3dbaad5b9,34e330f47d6b0b3a7742855c99c1730b,34ed5dee580cb7e4333f93fa7bbb2354,34efb7be2a823d85bae2a0e846ffcfea,3519f9c73704be543d04847eb1f56c51,351f80b90e9113a011cdbcc33ff01340,3562d3a0374b9f2ed190c1a7aa7dedb7,35b8c10c192360a7cdad628a185e99e5,35cf698969b1231b1f5427050e62e2db,35f3ce6a0ee2829e6ccb193be3c4338b,360a5936c45b22311e13fe4e9ed1b639,36a49c16660039aa1631b45caa5608a5,379df1f05df47184252f8479e7c2206b,37a0a427f45ea3b8299b4a41c10d02e6,37a7e187d35366eb6167cbe90e558af1,37dfca070e65bcda61d0eaec0a320aa6,398b8c861bb9ac46eb4764957c31c0c9,3a7da564e6fafad475685e983a9435e8,3abae39e94cf51920aec2b9fb42b53a9,3ae6351bde8ff458d726f480cfc4b14e,3c01540f689ab74dc5d2346cebc1f09c,3d21f373750a26238863e5af3b90211a,3d2cd874a4eea35af603ca0c0c25c89f,3dfb8f905025f3488d815c4e88bc5332,3e064c3f883fdd051884a58537182eef,3e3f3715c117bd6dbfc4b3a5074f4619,3e66c2138ea72301fd52a94a84894b7f,3ec249ef88ec19b659bf6d6aa685d94d,3ee3085cd6f25c2449332df3675b9eee,3f574a1c6ddd83e13a9f0c0d99628511,4067a522334504a79b47bf57163e0803,4160724da5326957176e8f87d7f29645,41968913d9ca2d9dfd73c99f7947bb01,41b4023023c85aef4a7af269a82c6bc0,429804ec57789b6fd25ec688c2219c55,431b7a050a85f69cfcb3d5bb614a02e9,439046f9f6c104b3542b9b85c083bb57,4422afa5e085d3e4373b56dd5c28160d,44551c86282b4d19d217e29b17dae842,446b888f8119b56e60b68ad01e3dd288,446c797942b9eae5102a9ceea89b0bb2,4598e7db6dff8f019ff4f6c50dc05df4,45b76e49b6500d8d245c2f27f6fbb143,4748db4ff34388c1922f9e772ccb420c,48120f2d28136884787660eb4953652a,482c652f9328b895362f445932af15e2,48e2a4ea98aea8fa0f0cf874bdcacb52,4a18a72af06424cd6600b6f548ea8f05,4afebe59e0659497f42357d6869c7cf2,4b3fc5de9758cf6cdb010bd41d101a65,4c874fdb0615799f571ee0874ee551aa,4cbfff144d4e7a4e0f4619ed505be070,4cd93d992b4286a77f0234ef1053ae85,4dc652aa47a335a027dcb577914ecf89,4e0a65b0a2fab7bf0f307d360b679d87,4e1bda045e6ba843353281138c649093,4e4b39e296caf2b4d30927c86927d416,4ed1b5cf2300afb72f7fb97ec6ff2e9e,4f15f824621c52c8ef1a9a2bb4dd7539,501a3e687c65822914e1a727e5f43331,50c77a7d7927650d7b1a093e9d2c62de,51111e66d97d8fd3f0bdf584d69c7835,5284495840f983847ec0d0b741a9a471,52892416e40ccfd86a87d1673b1f4df1,5292bd55b0d70d435f4c7d75d6fc805d,52bcbb2f84ef528a2f251c80449ffefb,530aa362e754ce6fae3c521c69e58df3,5372e4b07142babe661a5183f44406fd,538add871396bc31fee52b4c6e73542a,544020faf99ee0d84f73d57bdcea51de,54dcb911e3ab04e9d5b30c3912100b41,5648dccee530d68ceb3e4d7d22cf8756,5680b8c959d86e9ed2151618d0abbfa9,57e11c3559fa2ef79a2702684229e4ba,5810a546133ce2a9e01ba21225a87263,5854e895568b799b35f48cdb94671bbb,59d871b5000f1e8f613515c192cf4260,5b045d9b3f87ab1b69b5f523ea645f11,5b9305abe9131ab077f971551c108db7,5cc221ee502c168d86ff29dfa4a9bcae,5cc303e17e17afb2d2a884a61da5bf6b,5d4e490dd59e34dc4674f3179d485d0a,5dde7d4a75ac9b772a033265207ea9ff,5e18094f37d33836726fabc09f8e46fc,5eaeab6fa2a8efe96eac7a0712c65080,5f1f51d1992c777d9903d1a40710862d,5f1f6453ad88dc836876671d27f97f58,5fe8ee96aa35dc0db11032b9ee1570ec,6064658db784be749251c94f7f875baa,608fee064f31d1d1bfc375a5c671df6e,60a2e0a4d6760de56ad66a42a4093dc5,6116fd7dc95407952dfa6a8cad835556,61db0bd527e07336202fd0ff4578c042,62dc76a09326c359be5946507e82e9fa,630d3298d6df053fa8d57ead7cd4df95,6337b308d49ea78bc68f9100ca6c62b4,63b29e63da1224ee92da61b89747ea1f,651c193d6a538426e4d18e58218886c6,6536a7bc84c95500ef05185628c9f407,6616dc3bd6aeb3e26b9b2218290ea574,69cb60e50bf72fe740468a547866448f,69fe94a0bbdb8863b334cbeb361df2d3,6a8118b17d1d40cf877db24449ceb616,6aaac37f56d07ffcea4fe9ef1cd00d2f,6c2d943bfa600161d41df3bee4830389,6c921e3ae0af506f54295d074ca071bc,6d32b3eecc01fd9bb2093ab08ce85577,6d4ab2107d92228c6751838e7dbbe697,6db37d50f29b965e15cf927b9c29a303,6df39670cb5b87a3c3684700af36463a,6e5be229dd49e819c917d2ae8b72610b,70b82dac78c6afab86997dea67b8a92c,712ff02ccaf52fc5d0ac5952a261944f,7153434216d4795008e43f62766b7333,715a5706f5ea5356f6c4772dc98d6430,727992952afbbf55406b97e29855c9c2,73d52d330ef59a9b61aee279bb2a12da,73ec14a4c74482752974df2167687b5e,758cee8eee8e1c085b11e2cc2769e8b4,75e9283851f8957142f54f47b069430e,766219c96c8e1cd5e3934f165d0fb3e7,76b39e86c95e0c7dd8b9c57b974f6532,7799200040e84123975fe96a93db4500,77f352b310dc941a969edf6536c2e820,785bf53e5b488395ed2da31725ef9cd2,7911816f5e81f650f769aba0d5c708cb,794a6c6a7ccdd43f2b86e6a7fa6cb50c,7b28c20e72c6c95b3e604f0849245770,7c3d7711fd15460714ece118b35c0576,7c95bf6e0667b4c700f895dd924d7927,7d518e827d9d6a525a3c1d4b64bdc73c,7f3441f15076e76112ecbafca43cfc1d,805692df0d7772ce28e9ac11693223b4,80fbb4039b7f930ade074caab31b4aed,811f358e4e89eecbd75298ffce878cba,81b9ed4e70ca14638f0a5373ef2e5e79,8212472385df0dc1b6527a764d613b7d,836ba7fa9857218226f721f5e425dc16,836cd5ea357ad392c00a7e48d921be1d,84670805cec59a0b7f09c613a2b50fb7,8472028621a2396a3aa8d5140405fb59,84977ba94188c5d008f9861e3e14d0a5,84a7e040dec5a0ce80c0d6c6389c0b26,851bd80d021dcf4e9f3f11e95310927c,85781f76fdd51f1cea0eab36c8b76a12,85a3e769a721c55ca2b9880a56a43373,85a9b5daefb6d43e74c440019b828e13,85db0d60e8985f5dd02b1b3c10e2c371,85f1d2c35aca3e9134f990726a5882d2,8647868fbd7dd14914f8201809e4d673,86555947ddfc576c1bb9c42deb3998df,8795c5a86013864dc11f24b89e8cdd8c,88243fe2cce45ddaa728063de21f42cd,882a5f4ee3e594bf6b1448c2ce523cf8,885af48524af5ccac2ffcff5abf6c1f9,88bf19cfbdb1cafdda1214d2fd07af92,88e31a86086137d3cb67ae405bf72114,898eb92ef2d1ef893f7d0c383527b44d,8a62cb9d06fb684f98ace488de409f67,8a6de3481975712824ae37bddc1cec6a,8afd47582696dcb8541fe9203dc6b2e6,8b9513d166041e2338938fa3489625bb,8c65d91e013525d1c8606fab40e0a88b,8c9a2556dd22a2d418f58fe879730cbb,8ce12e88f6b59bb09494567f0d678092,8da18b476b64f6f053647455b6890f80,8e6f1849d93723676dff6cb1962941a8,8e74f6f63a5f9a304aeb8284be71fd23,900d762605ba5aad14fcbadab95c4608,901c9973bde010c1a5c49023e63cc252,90d157c9ca7633832c3b6d992228b3b5,912487364b4fda5993a03f47d60111e9,91a093473cad95da81d9ebb47d5ef0c5,922d33a2963d3e87a3d4df6b82371235,923a61776b795454b7a8c9d463634ac1,924668f542df9de35c2226e4a6cf09bd,9359fd6106b7ad0a39d7334df43e576a,93af461792d56b97c9e1797943267e52,93c81f4edfd9fc2b300c57825677c540,94a0da438323058a7faac219486906e9,9538792dee196c2a4bcf090ad5de44a6,958d78a02bef69a795806f97adb117ea,959b9a53f413963f0de2b48bc4ceaece,95fdd816723ca482a5caba10bea171c8,975aa5c886989b5d915be8945a42cb54,97d033725a3fcb0e6b0f9554365d4e0f,97d29ed0cf332e3dbd8843f5f5be6bb4,98063b5163ea2e630cf0c0c474fab37a,980a6ca11dafcb9dc37b8f5020179116,98e234cb7a507d240ec84cdd2fd9bc2d,9908fffab7ed4f3bec44cda2f5084d49,998bb73ab3c63de48968221dfecff05b,9a13cbb8e1b12468bf22d6a05aafb0c0,9a8167192e6c8cc9fb96234ab85cd035,9b4036adb487adfe4ca484346b5b9a7b,9d24f16b64fc77c8471fca10a2a91fce,9d3d1ec6920b328fc3f9f68b48c509ac,9db911a066b76b64a0441a66a6d3781c,9e169215641e92bd81cefeb756f6466b,9e31424bebb25a100572229efc973274,9e3b0ce9bb690b78f97f20c102089c55,9f3ae9f6096976f00cd7c13a4717ff1c,9f9dffc5a15ecb5eb479d2adacec21bc,9fc18f771a2e19763b6ea1265fb456e1,a11d0dd4eeb19c9f75f0302069f9c738,a1fe1f45720a7ea7649cbaff45fa34e3,a37c7b9874650d7ef281012efb9d57a6,a5a7486c3e60ff3d6cc20e9e6359e7ea,a65924bed67e7f7fe587fda494595e2f,a728a1dce17d5afb4677e6cc919c2391,a8e7345f5d8e9fa0d6043889fba51d8a,a9241ac1841b7463ed03c02216f5e93d,a93780af2e54c4e6e3970ebeb5021540,aa19b65fa066defdc12ae4b7f2f00066,aa563ce7882b362ce0c12c1572f7c4a7,ab2842489206ced58fc69409494bf497,ab620840ec71573b9d4fd3816bc52d02,abca34d3f46ee1af5c154ab909fd55c9,abd7609ba584c27def93c790e08d328f,ad4b6889b2799ded92b2af6bb5513634,ad967928a73ab98e764eee29f69d81ee,ae1eb3734bc14517316e99bcc00b11bd,ae56f854ea8f4a95b7950e1c3a9c4051,ae86f695fba3b7a5a5882a655b6e028e,aefb8c9b00270dadde02f6cbe781c3c1,af140e3881d1c74ce8b17a5c8979dfa5,b0393e75df8338f8224463cb1b34efbd,b0f809cbabf3ac99182581ec095868b2,b1652dc664d4e8ce2d123d26687d1204,b2224d09fb56fffb7949a37935a5b572,b310236a69032ef47e5c274f5256115a,b358d76cf51dad99d526470074e5f31c,b427e80c8b94a9d8d2e1ef7ee43cd3d2,b5a69fb7a66fdb2bf437bd286b439706,b62995841e1fd496aed1bba3cefa3791,b65410081c87ed629211d7fb136ec45f,b73dacf77bae01c1ac830493658b9900,b8455681fc92d051fdd023aa62417fb3,b8cd8bdfb9f24acdc936b524a9d81d57,b9875bae83467e83cbb87f0bb6ed2db0,b99156ca841e99c7dc23bb92689252ea,b9c8f5fcf617c434570fa061e7dc3bff,b9ed1a2c86edb972db7742981e6901da,ba19eb8193a715ebfc3d44d03ec4a608,ba8b3410c1dc74c6841696179d7fd16b,bb10e6be5e0c0af06874c9c389d9531a,bbc6a214626b3f3c4b8b1d953beeff7c,bcdf69facf5796223ef4eec2b8c9ee53,bcf71445644425a1ccaebd833cce4a6f,bd38a26798622080e086c099b8527671,bd6987cebd400ae99a0103a8fe36a6d6,bdbad7bacbd2ab2633641f8810683458,be8f3b25142727c649598ff9bfdc9bde,beb5db92fef78a8149d229419564b6e2,bf34422106e5974ddf75216e2c05273c,bfa3561ca0d31bca54be08e2d9f7937f,bfbb5a235407c3161b297e59776c997e,c0d5395792eadbf5f62e8ffb14fa0262,c1fb523690f4db6515ed0ab146d1ab8c,c201d104755cca79ba1787876ef62bdd,c2ad34addc26f871b36e062f6816d89f,c2cd6f99655915682fbe061583f8b578,c3bdece9e98f08ace72dd04419d0fd60,c3ff4c29778c6c86865687a4061a3382,c4170fd31c9aceb042c699e6c8b0f486,c5e5fd5c9af649aec207b86dee76d5f3,c67805e12dc927c5b3ba6b192381ecf7,c6c4b5ce7a8a576fe5abae3399a653c6,c6cba10883b80144c0492ae96a8aeaaf,c7205100c08de2585db74f670a36edf9,c75ae6008025d80134bd14e9712f9d5c,c7a35401cfccfe6d5e6dee2c2e086b56,c8e34bb10306cd8cc72e42eb1313b7c8,c9610e1d7d9c0a87b0ebfc62858c549d,c97c4457e84f75638a37404f4d8cc1f0,cbdc0f4fcc7b1e56aacc302c2b9b870c,cc246b85b65b580177f5f8655c0b7f71,cc7295f50a707e2862353f6dde8242b0,cc82a5a0b284dea47583c8afa5a99755,ccb587bc87798f43ee242b39084c9b7b,cce48dc9b8491aed53fd2493fb393527,cd8d2ddb88bbe44dfa61a34dfd244b0b,cdb79eecfa38ac58e99bfdef45fabfce,ce40f273a2b6e2ca6c9a07d963892f67,ce6ad651dafc66a6887d0fd688642442,ce78414357068359ddae6a47b6592a08,cf875aa5375131a1cd5c9fb01cca5f1e,cfb6d4bf474238fa56307228afe87405,cfdf39cd6545fb6a7ddb747c3393c225,d084b32d5ad7ee012fef1f2de8889355,d1d7a4c2fbfbd7aa6c641c477bcf40ab,d3d5f57b1c8aafeca61afdb1627d2990,d689ef6419a482e84132e00d66548aa2,d6eda88bd8370a52076b0dafde12249a,d7ef89fbe0b04fbcfcd1261bbba40170,d80a7337f5b24c90a8cc2dd4d9896e61,d8c693c0d59c28979317bbd4ab280860,d916392ab6695af7a33518931610d0b5,d925f54f2129619db22eb998d6021440,d92d53b67f4b4a2516ca359494db4c24,da47a7f676f9a37da03e64a99251fd78,daae43be6cf06991f62a085ba8bff3b6,daf471369c8df7afa7849741660d855b,dbe7ccf0159e33ae9d28ffe184faf71d,dc379ddf5ec9f35b6941adc306189a5f,deb6cb498b1f0a2e2098d8698813c54b,df1e3080300aed496c300246714bd838,dfcb2b0fe872bda7ba926e0afbcd2f56,e04cb8c96d35fee0e181a15fc4511d0c,e1e2054542f412ab80e5728d118df079,e1fae3875b421d30edf50941986d5b1b,e238c6f976254aa34d2106b20782549a,e2ed810f55b21820878d88405a667931,e32641f0bccf8ae4d14d036e0dcdbb7b,e3687f0e5ee29b9206fc649dfb433884,e36be349dea51383ef7c2f26dd242def,e36f280506e7835443eadd8461d7baa7,e438498696e4ce6da6b786e98f911a9e,e453b3ae7315617774ee9839f4822f9d,e5ee1d85ad16f8c94333754ffe9430ff,e61b52cd3ace83b9a3515c17c6438a87,e6fc273ffc0f63757954543fa6f7cd2a,e743ae74eb0568778ab8a9267fc82b6a,ebc4cebda1feae3f47fdb85cb7ec8152,ec494ccbf94de2be48f3c7e4cf844046,ecb3759e804e8c86d9fb0de817207fe9,ecbd541995dd7e670fd858b93df66cf8,ed48afc0cdaf8c5d9801a19cdf95e0b9,edaf355e25205c7a3374b2ce8d26dc54,ee766857ab5fc018ac26632146bc90e1,ee92daa238d9b91f85aef29b32ee15c0,ef3a40c4f26b5019887d73ceaaab84f2,f09f257605135a6049b847768387fb33,f0a3b85336766433b385b8e5d23182d2,f0ea1e3d7fabfb8497741de9a3402b6e,f1b5d72cafaaea7b61c531cb90452d9c,f2ce051520ba5bb85d0059f3dbe069d2,f330e765325ac47997066c79007f76b7,f3e00a774b73e56294ff70644e1d0218,f3e9d78daeea42d345080748e31ae3dd,f4485575193787e07b1dbc33f7907e6c,f49d9400feebe322c292ebe76b170cb0,f53fe3176d9fa4397778f04a08da026d,f5e65944985d39991cba3fab949a0150,f74772c312ecf2f0278c402953e04d93,f76f9398a707c47754f8308d099abd13,f782dae97c2d09af088b8e76c72e39fe,f80f737063601f7f957b2581f9d5524e,f8d63bcf85b7e05e83feaa8be0d1b14b,f9c752d5c510e07c457e029af2d6d31b,f9eb767cab510a6d84dc72fa48603830,f9f8a1e38fcd6166305ee1a90187d5ed,fa13fbd46ba70efa89fe492d8dc9214f,fb3376cd5dd7b9f4c866e17253a3e5db,fbeaf5acebc7cb7f422a5f848a69f220,fcc84f75257e928f79853e39bb2c6d23,fe9a3e2c5c45bec637506a2ae1eb243c
X5_3_3_.2,-2,high,early_high,0.006092329,0,0,0,0,0,0,0.010897546,0.000772267,0,0,0,0,0.001115497,0,0,0,0.002745838,0,0.002145186,0.003861335,0,0,0,0.029860992,0,0,0,0,0,0,0,0,0,0,0,0,0.004547795,0,0,0,0,0,0.059035524,0.010983353,0,0,0,0,0,0,0.001115497,0.00034323,0,0,0.002402609,0,0,0,0.007293633,0,0,0,0.011841428,0,0,0,0,0,0,0.001716149,0,0.015273726,0,0.00034323,0,0,0,0,0,0,0,0,0,0.001973571,0.00068646,0,0,0,0,0,0,0,0.007122018,0,0,0,0.00403295,0,0,0.022138322,0,0,0,0,0,0,0,0,0.001029689,0,0,0,0.005663292,0,0,0,0,0,0,0.001287112,0,0,0.001201304,0,0,0.000257422,0,0,0,0,0,0,0,0,0,0,0,0.001973571,0,0,0,0,0,0,0.009524627,0,0,0.034666209,0,0,0.00403295,0,0.000772267,0,0,0,0,0,0.013214347,0,0,0.010382701,0,0,0.001973571,0.000600652,0,0.000171615,0.000943882,0,0,0,0,0,0.000600652,0,0.001716149,0,0,0,0,0,0,0,0,0.005749099,0,0,0,0,0,0,0.002145186,0,0,0.016646645,0,0.001544534,0,0,0.006864596,0,0,0,0,0,0,0,0,0,0,0,0.002316801,0,0,0,0,0.015702763,0,0,0,0,0,0,0,0,0,0,0,0,0,0.001372919,0,0.002574223,0,0,0,0.006178136,0,0,0,0,0,0,0,0,0,0,0,0,0,0,0.00840913,0,0,0.006006521,0.018963446,0.001458727,0,0,0,0.000943882,0.003603913,0,0,0.007636863,0,0,0,0,0,0.004461987,0,0,0,0.000429037,0,0,0,0,0,0,0.255277158,0,0,0,0,0,0,0,0,0.002917453,0.009353012,0,0,0,0,0.000772267,0,0.001029689,0,0,0,0.001029689,0,0,0,0,0,0,0,0,0.029689377,0,0,0.00437618,0.000257422,0.004118758,0.004547795,0,0.011927235,0.012356273,0,0,0,0.000600652,0,0.005491677,0,0,0,0,0,0,0.000600652,0,0,0,0,0,0,0,0,0,0.002402609,0.00334649,0.000257422,0,0,0,0.07499571,0,0,0.000858074,0,0.001630342,0,0,0,0,0.004976832,0,0,0,0,0.003089068,0,0,0.001716149,0,0,0,0.008923975,0.002402609,0,0,0.00334649,0,0.037240432,0.001544534,0.000429037,0.005749099,0,0,0.000943882,0,0,0,0,0,0,0.047022482,0,0,0,0,0,0,0,0,0,0.001801956,0,0,0,0.007379441,0,0,0,0.001544534,0,0,0,0,0,0.011412391,0.000257422,0,0,0,0,0.001115497,0.005663292,0,0,0,0,0,0,0,0,0,0,0,0,0,0,0,0,0.003861335,0,0,0,0,0,0.000514845,0.009867857
X5_3_4_.2,-2,high,early_high,0.002515967,0,0,0,0,0,0,0,0.002709503,0,0,0,0,0.001548287,0,0,0,0,0,0,0.00377395,0.000774144,0,0,0.07509193,0,0,0,0.005322237,0,0,0,0,0,0,0,0.001645055,0,0,0,0,0,0,0.0778982,0,0,0,0,0,0,0.001257983,0,0,0,0,0,0,0,0,0.007257596,0,0,0,0,0,0.002032127,0,0,0,0,0.001741823,0,0,0,0,0,0,0,0,0,0.001161215,0,0,0,0.004838398,0.001838591,0,0,0,0,0,0.00096768,0.004064254,0.000870912,0,0,0,0.001257983,0,0,0.030965744,0,0.000580608,0,0,0,0,0,0,0,0,0,0,0.010063867,0,0,0,0,0.000290304,0,0,0,0,0.000774144,0,0,0,0,0,0,0,0,0,0,0,0,0,0,0,0,0,0,0,0,0,0.006580221,0,0,0.049254887,0,0,0.002999806,0,0,0,0,0,0,0,0.008805883,0,0,0.003483646,0,0.001645055,0.006483453,0,0,0,0.00096768,0,0,0,0,0.011225082,0,0,0.003580414,0,0,0,0,0,0,0,0,0.032320495,0.000387072,0,0,0,0,0,0.001645055,0,0,0.01228953,0,0,0,0,0.001741823,0,0,0,0,0,0,0,0,0,0,0.000193536,0.002515967,0,0,0,0,0.004161022,0,0,0,0,0,0,0,0,0,0,0,0,0,0,0,0.003677182,0,0,0,0,0,0,0.000290304,0,0,0,0,0,0,0,0,0,0,0,0.015289336,0,0,0.00377395,0.010354171,0,0,0,0,0,0.003096574,0,0,0,0,0,0,0,0,0.002128895,0,0,0,0,0,0,0,0,0,0,0.217824656,0.002419199,0,0,0,0,0,0,0,0,0,0,0,0,0,0.001548287,0,0.000677376,0,0,0,0,0,0,0,0,0,0,0,0,0.012579834,0,0,0.002032127,0,0.002419199,0.003096574,0,0.022353397,0.01228953,0,0,0,0,0,0.010160635,0,0,0,0,0,0,0,0,0,0,0,0,0,0,0,0,0.004064254,0,0,0,0,0,0.098703309,0,0,0.001838591,0,0,0,0,0,0,0.003483646,0,0,0,0,0,0,0,0.002903039,0,0,0,0,0.004548094,0,0,0,0,0.068221405,0.002806271,0,0,0,0,0,0,0,0,0.002032127,0,0,0.014128121,0,0,0,0,0,0,0,0,0,0.002515967,0,0,0,0,0,0,0,0,0.002806271,0,0,0,0.001064447,0.004548094,0,0.000580608,0,0,0,0,0.020708341,0,0.002709503,0,0,0,0,0,0,0,0,0.002999806,0,0,0,0,0,0.001161215,0,0,0,0,0,0,0.040642539
X5_5_3_.2,-2,high,early_high,0.005377658,0,0,0,0,0,0,0,0.002811049,0,0,0.000977756,0,0,0,0,0,0.001222195,0,0.00244439,0.007088731,0.000977756,0,0,0.043510144,0,0,0,0,0,0.006599853,0,0,0,0,0,0,0,0,0,0,0,0,0.004766561,0,0,0,0,0,0,0,0,0,0,0,0.003666585,0,0,0,0.016010755,0,0,0,0,0,0.007944268,0,0,0,0,0.003422146,0,0,0,0.001833293,0,0,0,0,0,0.000855537,0.001588854,0,0.000488878,0,0.001588854,0,0,0,0,0,0,0.002322171,0,0,0,0,0.005499878,0,0,0.027866047,0,0,0,0,0.041065754,0,0,0,0,0,0.012221951,0,0.003177707,0,0,0,0,0,0,0,0,0,0.000855537,0,0,0,0,0,0,0,0,0,0,0,0,0,0,0,0,0,0,0,0,0,0.010510878,0,0,0,0,0,0.00256661,0,0,0,0,0,0,0,0.014421902,0,0,0.001344415,0,0,0.008677585,0,0,0,0.000733317,0,0,0,0.001099976,0,0.001466634,0,0.007944268,0,0,0,0,0,0.00256661,0.001099976,0.001222195,0.016744072,0,0,0,0,0,0,0,0,0,0.015277438,0,0.001222195,0,0,0.014666341,0,0,0,0,0,0,0,0,0,0,0,0,0,0,0,0,0.008066487,0,0,0,0,0,0,0,0.000733317,0,0,0,0,0,0.002322171,0,0.001588854,0,0,0,0,0,0,0,0,0,0,0,0,0,0,0,0,0,0,0.031532633,0,0,0.001099976,0.022855048,0,0,0.00244439,0,0,0.001099976,0,0,0.003788805,0,0,0,0,0,0.004399902,0,0,0,0,0,0,0,0,0,0,0.23502811,0,0,0,0,0,0,0,0,0.001711073,0.010755317,0,0,0,0,0.001955512,0,0,0,0,0,0.000977756,0,0,0,0,0,0,0,0,0.040821315,0,0,0.008555365,0.001588854,0.002933268,0,0,0.025910535,0.013444146,0,0,0,0,0,0.015521877,0,0,0,0,0,0,0,0,0,0,0,0,0,0,0,0,0.001588854,0.005011,0,0,0,0,0,0,0.000611098,0,0.005377658,0,0,0,0.003422146,0.001222195,0.008677585,0,0.000855537,0,0,0.010633097,0,0,0,0,0,0,0.007944268,0.002199951,0,0.002322171,0,0,0.056587631,0.003299927,0,0,0,0,0,0,0,0,0,0,0,0.048276705,0,0,0,0,0,0,0.002199951,0,0,0.00244439,0,0,0,0,0,0,0,0,0.005988756,0,0,0,0.002199951,0.003544366,0,0,0,0,0,0.029210462,0,0,0,0,0,0,0,0,0,0,0,0.01723295,0.016744072,0,0,0,0,0.005011,0,0,0,0,0,0.001222195,0.009288682
X5_5_4_.2,-2,low,early_low,0,0,0,0,0,0,0,0,0.001387989,0,0,0,0,0,0,0,0,0,0,0,0.001017859,0.000647728,0,0,0.01767373,0,0,0,0,0.000555196,0,0,0,0,0,0,0,0,0,0,0,0.001480522,0,0,0,0,0,0,0,0,0.000925326,0.004163968,0,0,0,0.001110391,0,0,0,0.019061719,0,0,0,0,0.003053576,0,0,0,0,0,0.006847414,0,0,0,0.002590913,0,0,0,0,0,0.00212825,0,0,0,0,0.001202924,0,0,0,0,0,0.000462663,0,0,0,0,0,0.00212825,0,0,0.071527714,0,0,0,0,0.071250116,0,0,0,0.001017859,0,0.010178588,0,0.012862034,0,0,0,0,0,0,0,0,0,0,0,0,0,0,0,0,0,0,0,0,0,0,0,0,0,0,0,0,0,0,0,0.009438327,0,0,0,0,0,0.003793837,0,0,0,0,0,0,0,0.012491903,0,0,0,0,0.001665587,0.007957805,0,0,0,0,0,0,0,0,0,0,0,0,0,0,0,0.002035718,0,0.001943185,0,0,0.027944851,0,0,0,0,0,0,0.001202924,0,0,0.012491903,0,0,0,0,0,0,0,0,0,0,0,0,0,0,0,0,0.006199685,0,0,0,0,0.004904229,0,0,0,0,0,0,0,0,0,0,0,0,0,0.000647728,0,0.00212825,0,0,0,0,0,0,0,0,0,0,0,0,0,0,0,0,0,0,0.019524382,0,0,0.004441566,0.040621819,0,0,0.001943185,0,0,0,0,0,0.00388637,0.000647728,0,0,0,0,0.004626631,0,0,0,0,0,0,0,0,0,0,0.201628574,0,0.006847414,0,0,0,0,0,0.003423707,0,0.007957805,0,0,0.000925326,0,0.001573055,0,0,0,0,0,0.000555196,0,0,0,0,0,0,0,0,0.023225687,0,0,0.003608772,0.003516239,0.001850652,0,0,0.010918849,0,0,0,0,0,0,0.017396132,0,0,0,0,0,0,0,0,0,0,0,0,0,0,0,0,0,0.003238642,0,0,0,0,0,0,0,0,0.010548718,0,0,0,0,0,0.009808457,0,0.000740261,0,0,0,0,0,0.001017859,0,0,0,0,0.003238642,0,0.001017859,0,0,0.102988804,0.004811696,0,0,0,0,0,0,0,0,0,0,0.001387989,0.051078005,0,0,0,0.002313315,0,0,0,0,0,0.002035718,0,0,0,0,0,0,0,0,0.009160729,0,0,0,0.004071435,0.004441566,0,0,0,0,0,0.046451374,0,0,0.004163968,0.000185065,0,0,0,0,0,0,0,0.026371796,0.016008143,0,0,0.000925326,0,0.001573055,0,0,0,0,0,0,0.005181827
X5_6_2_.2,-2,low,early_low,0.002461611,0,0,0,0,0,0,0,0.002227171,0,0,0,0.023209471,0.002109952,0,0,0,0.004571563,0,0.02356113,0.002109952,0.000586098,0,0,0.142070097,0,0,0,0,0,0,0,0,0,0,0,0.000937756,0,0,0.000468878,0,0,0,0,0.004923221,0,0,0,0,0,0,0,0,0,0,0.004571563,0,0,0,0.027194936,0,0,0,0,0.009377564,0.004454343,0,0,0,0,0.002461611,0,0,0,0.013831907,0,0,0.000351659,0,0,0,0.002461611,0,0,0,0,0,0,0,0,0,0,0,0,0,0,0,0.003633806,0,0,0.066346267,0,0,0,0,0.084984175,0,0,0,0.001054976,0,0,0,0.016996835,0,0.00785371,0,0,0,0,0.002344391,0,0,0.001406635,0,0,0,0,0,0,0,0,0,0,0.000586098,0,0,0,0,0,0,0,0,0,0,0,0,0,0,0,0,0.001641074,0,0,0,0,0,0,0,0.01054976,0,0,0.00785371,0,0,0,0,0,0,0,0,0,0,0,0,0.005860978,0,0.004806002,0,0,0,0.004806002,0,0.003047708,0,0.001641074,0.007267612,0,0,0,0,0,0,0.002109952,0,0,0,0,0,0,0,0.001172196,0,0,0,0.001523854,0.000937756,0,0,0,0,0,0,0.004571563,0,0,0,0,0.020278983,0,0,0,0,0,0,0.021685617,0,0.003164928,0,0,0,0,0.001172196,0,0.001406635,0,0,0,0,0,0,0,0,0,0,0,0,0,0,0,0,0,0,0.041612941,0,0,0.001289415,0.021099519,0,0,0.002930489,0,0,0.001523854,0,0,0.006915954,0,0,0,0,0,0.003282147,0,0,0,0,0,0,0,0,0,0,0.001172196,0,0,0,0,0,0,0,0,0,0,0,0,0,0.000586098,0.002109952,0,0.001758293,0,0,0,0,0,0,0,0,0,0,0,0,0.019224007,0,0,0.011604736,0,0.001641074,0.003985465,0,0.007033173,0.013714688,0,0,0,0,0,0,0,0,0,0,0,0,0,0,0,0,0,0,0,0,0,0,0.004454343,0.009143125,0,0,0,0,0,0,0,0,0.01828625,0.001758293,0.010666979,0,0,0.004337123,0.006564295,0,0,0,0,0.017348494,0,0,0.004806002,0,0,0.001992732,0,0.003399367,0,0.001523854,0,0,0.059195874,0.016527957,0,0,0,0,0,0,0,0,0,0,0,0.033290353,0,0,0,0.000937756,0,0,0.001875513,0,0,0.004688782,0,0,0,0,0,0,0,0.001992732,0.000937756,0,0,0,0.003047708,0.006915954,0,0,0,0,0,0.012542492,0,0.001289415,0,0,0,0,0,0,0,0,0,0.014183566,0.047591138,0,0,0.000703317,0,0.00257883,0,0,0,0,0,0,0.001289415
X5_6_3_.2,-2,low,early_low,0.005350989,0,0,0,0,0,0,0,0,0,0,0,0,0.001904589,0,0,0,0,0,0.008162525,0.002902231,0.001088337,0,0,0.023217849,0,0,0,0,0,0.004081262,0,0,0,0,0,0.004353347,0,0,0,0,0,0,0,0,0,0,0,0,0,0.002176673,0.007709051,0,0,0,0.001451116,0,0,0,0.051695991,0,0,0,0,0,0,0,0,0,0,0.001632505,0.004353347,0,0,0.004353347,0,0,0,0,0,0,0,0,0.000634863,0,0.006167241,0,0.000906947,0,0,0.000181389,0.010701977,0,0,0,0,0,0.001360421,0,0,0.024034101,0,0,0,0,0,0,0,0,0.000634863,0,0,0,0.024850354,0,0.001904589,0,0,0,0,0.001904589,0,0,0,0,0,0,0,0,0,0,0,0,0,0,0,0,0,0,0,0,0,0,0,0.000453474,0.029657174,0.002902231,0,0,0,0,0.026754943,0,0,0,0,0,0,0,0.048703065,0,0,0.002448757,0,0,0,0,0,0,0.001632505,0,0,0,0,0,0,0,0,0,0,0,0.003355705,0,0.00154181,0,0,0.011155451,0,0,0,0,0,0,0.000906947,0,0,0.048703065,0,0,0,0,0,0,0,0,0,0,0,0,0,0,0,0,0,0,0,0,0,0.00480682,0,0,0,0,0,0,0.002358063,0,0.002085979,0,0,0,0,0.000816252,0,0.00326501,0,0.000725558,0,0,0,0,0,0,0,0,0,0,0,0,0,0,0,0,0,0,0,0.004534736,0.034463994,0,0,0.003899873,0,0,0,0.000453474,0,0.013513514,0,0,0,0,0,0.005441683,0,0.000272084,0,0.000362779,0,0,0,0,0,0,0.183475422,0,0.026754943,0,0,0,0,0,0,0.01632505,0,0,0.000181389,0,0,0.004897515,0.000906947,0,0,0,0,0,0,0,0,0,0,0,0,0,0.042898603,0,0,0.003174315,0,0.004716126,0,0,0,0,0,0,0,0,0,0,0,0,0,0,0,0,0,0,0,0,0,0,0,0,0,0,0,0.003718484,0,0,0.000544168,0,0,0,0,0.00480682,0.003990568,0,0,0,0,0.000997642,0.0017232,0,0,0,0,0,0,0,0,0,0,0,0,0,0,0.001179031,0.004262652,0,0,0,0,0,0,0,0,0,0,0,0,0,0,0.032559405,0,0,0,0,0,0,0.009160167,0,0,0.002085979,0,0,0,0.002539452,0,0,0,0,0,0,0,0,0.007527662,0.004171957,0,0,0,0,0,0.109468529,0,0,0.006983494,0,0,0,0,0,0,0,0,0.060584074,0,0,0.000272084,0,0,0.0017232,0,0,0,0.001995284,0,0.000906947,0.002539452
X5_7_1_.2,-2,low,early_low,0.004012994,0,0,0,0,0,0,0,0,0,0,0,0,0.000859927,0,0,0,0,0,0.001433212,0.003917447,0,0,0,0.080642079,0,0,0,0,0,0,0,0,0,0,0,0.004968469,0,0,0,0,0,0,0.026084464,0.000859927,0,0,0,0,0,0.002102045,0.002866425,0,0,0,0.002484235,0,0,0,0.011847888,0,0,0,0,0.020256067,0.003535257,0,0,0,0,0.004108542,0,0,0,0.031530671,0,0,0,0,0,0.001051022,0,0,0,0.005828397,0,0,0,0,0,0,0.000573285,0.007357157,0,0,0,0,0.005350659,0,0,0.03688133,0,0,0.005159564,0,0.047773744,0,0,0,0.001815402,0,0.002579782,0,0.015287598,0,0.003248615,0,0,0,0,0,0,0,0.003821899,0,0,0,0,0,0,0,0,0,0.000859927,0,0,0,0,0,0,0,0,0,0,0,0,0,0,0,0,0,0.004012994,0,0,0,0,0,0,0,0.011179056,0,0,0.002197592,0,0,0,0,0,0,0,0,0,0,0,0,0.001051022,0,0.004490732,0,0,0,0,0,0,0.00152876,0,0.002961972,0,0,0,0,0,0,0.00152876,0,0,0.01863176,0,0,0,0,0,0,0,0,0.001242117,0,0,0,0,0,0,0,0,0,0,0,0,0.03917447,0,0,0,0,0,0,0.008694821,0,0.000859927,0,0,0,0,0.00076438,0,0.00114657,0.000286642,0,0,0,0,0,0,0,0,0,0,0,0,0,0,0,0,0,0.024842347,0,0,0.002484235,0.026275559,0,0,0,0,0,0,0,0,0.002579782,0,0,0,0,0,0.005732849,0,0,0,0,0,0,0,0,0,0,0.153258169,0,0,0,0,0,0,0,0,0,0.009650296,0,0,0,0,0.002006497,0,0.001719855,0,0,0,0,0,0,0,0,0,0,0,0,0.037550162,0,0,0.006306134,0.001242117,0.002579782,0,0,0.010414676,0.014523218,0,0,0,0,0,0.003726352,0,0,0,0,0,0,0,0,0,0,0,0,0,0,0.00191095,0,0.003821899,0.004204089,0,0.000668832,0,0,0.011752341,0,0,0.002197592,0,0.002197592,0,0,0.00267533,0,0.025893369,0,0.00076438,0,0,0.007739346,0.001719855,0,0.001815402,0,0,0,0.012898911,0.004395184,0,0.00152876,0,0,0.003917447,0.017676285,0,0,0,0,0,0.00229314,0,0,0,0,0,0.081788649,0,0,0,0.002579782,0,0,0,0,0,0.003535257,0,0,0,0.002579782,0,0,0,0.000955475,0,0,0,0,0,0.007261609,0,0,0,0,0,0,0,0,0.002102045,0,0,0,0,0,0,0.00076438,0,0.008599274,0.034397095,0,0,0.001242117,0,0.00038219,0,0,0,0,0,0,0
X5_7_3_.2,-2,low,early_low,0.004533092,0,0,0,0,0,0,0,0.005666364,0,0,0,0,0.000755515,0,0,0,0.003248716,0,0,0.002568752,0.000453309,0.000226655,0,0.036793593,0,0,0,0.022892112,0,0,0,0,0,0,0,0,0,0,0,0,0,0,0.081822303,0.0024932,0,0,0,0,0,0.001511031,0.00793291,0,0,0,0.001435479,0,0,0,0.009066183,0,0,0,0,0.004155334,0,0,0,0,0,0.001435479,0.001284376,0,0,0.008310668,0.000604412,0,0,0,0,0,0,0,0.000226655,0.001359927,0.001208824,0,0,0,0,0,0,0,0,0,0,0,0.005213055,0,0,0.034224841,0,0,0.020247809,0,0.091719553,0,0,0,0.000755515,0,0,0,0.010199456,0,0.002342097,0,0,0,0,0,0,0,0.001888788,0,0,0,0,0,0,0,0,0,0,0,0,0,0,0,0.000151103,0,0,0,0,0,0.007101843,0.000377758,0,0,0,0,0.011710487,0,0,0,0,0,0,0,0.009519492,0,0,0.001888788,0,0.003928679,0.002870958,0,0,0,0,0,0,0,0,0,0,0,0.003173164,0,0,0,0.00347537,0.000377758,0,0,0.000453309,0.000906618,0,0,0.001133273,0,0,0,0.000679964,0,0,0.014581445,0,0,0,0,0.005137504,0,0,0,0.002870958,0,0,0,0,0,0,0,0.003626473,0,0,0,0.000226655,0.009972801,0,0,0,0,0,0,0,0,0.003777576,0,0,0,0,0.001435479,0,0.003550922,0,0,0,0,0,0,0,0,0.000226655,0,0,0,0,0,0,0,0,0,0.015261408,0,0,0.002115443,0.025687519,0,0,0.00098217,0,0,0.003777576,0.000453309,0,0.0024932,0,0,0,0,0,0.003777576,0,0,0,0.000377758,0,0,0,0,0,0,0.141961318,0,0,0,0,0,0,0,0,0.000679964,0,0,0,0,0,0.00098217,0,0,0,0,0,0.000302206,0,0,0,0,0,0,0,0,0.017301299,0,0,0,0.007101843,0.004230885,0,0,0.005213055,0.045784225,0,0,0,0.000302206,0,0.017376851,0,0,0,0,0,0.001511031,0,0,0,0,0,0,0,0,0,0,0.003022061,0.002342097,0,0,0,0,0.034829254,0,0,0.00294651,0.00740405,0,0,0,0,0,0.019190088,0,0,0,0,0.010350559,0,0,0.001662134,0,0,0,0.04011786,0.002417649,0,0.000906618,0,0,0.002719855,0.005817468,0,0,0,0,0,0,0,0,0,0,0,0.037700212,0,0,0,0.001586582,0,0,0.002039891,0,0,0.002719855,0,0,0,0.002568752,0,0,0,0,0.00891508,0,0,0,0.005893019,0.007101843,0,0,0,0,0,0.000755515,0,0.000226655,0,0.000377758,0,0,0,0,0,0,0,0.013523723,0.013070414,0,0,0.005515261,0,0.00098217,0,0,0,0,0.000226655,0,0.005666364
X5_8_1_.2,-2,low,early_low,0.003077671,0,0,0,0,0,0.000647931,0,0,0,0,0,0,0.000647931,0,0,0.000242974,0,0,0,0.003239653,0.001538835,0,0,0.10140115,0,0,0,0,0,0,0,0,0,0,0,0,0,0,0,0,0,0,0.103344942,0,0,0,0,0,0.000242974,0.001052887,0.003320645,0,0,0,0,0,0,0,0.011095813,0,0,0,0,0,0,0,0,0,0,0.004373532,0,0,0,0.010204908,0,0,0,0,0,0.001295861,0,0,0,0.000728922,0.000809913,0,0,0,0,0,0,0,0.000242974,0,0,0,0.001862801,0,0,0.071191383,0,0,0.024621366,0,0,0,0,0.000728922,0.002105775,0,0,0,0.010771847,0,0,0,0,0,0,0,0,0,0.001376853,0,0,0,0,0,0,0,0.000242974,0,0.005183445,0,0,0,0,0,0,0,0,0,0,0,0,0,0,0,0,0,0,0,0,0,0,0,0,0,0.011014821,0,0,0.000890905,0,0,0,0,0,0,0,0,0,0,0,0,0,0,0.009233012,0,0,0,0.001457844,0.005345428,0.000809913,0.002024783,0,0.004130558,0,0,0,0,0,0,0,0,0,0,0,0.000647931,0,0,0.00121487,0,0,0,0.001781809,0,0,0,0,0,0,0,0,0,0,0,0,0.040495667,0,0,0,0.000404957,0,0,0.009071029,0,0,0,0,0,0,0.002591723,0,0.002105775,0.002753705,0,0,0,0,0,0,0,0,0,0,0,0,0.005021463,0,0,0,0.000323965,0.013525553,0,0,0,0.032396534,0,0,0,0,0,0,0,0,0.007208229,0,0,0,0,0,0.001457844,0,0,0,0,0,0,0,0,0,0,0.226208796,0,0,0,0,0,0,0,0.002348749,0,0,0,0,0.007775168,0,0.001457844,0,0,0,0,0,0,0.000485948,0,0,0,0.000404957,0,0,0,0,0,0,0.006803272,0.001781809,0.001295861,0.003806593,0,0.010123917,0.013201587,0,0,0,0,0,0,0,0,0,0,0,0,0,0,0,0,0,0,0,0,0,0,0.001619827,0.003320645,0,0,0,0,0.040738641,0,0,0.004292541,0,0,0.014902405,0,0,0,0.008180125,0,0,0.000485948,0,0.000809913,0,0.000728922,0.001133879,0,0,0,0,0.001376853,0,0.00121487,0,0,0.017899085,0.007127237,0,0,0,0,0,0.006398315,0,0,0,0,0,0.050781566,0,0,0,0.00242974,0.001619827,0,0,0,0,0.001133879,0,0,0,0.002996679,0,0.003725601,0,0,0.00121487,0,0,0,0.001862801,0.002348749,0,0,0,0,0,0.003482627,0,0,0.001376853,0,0,0,0,0,0,0,0,0.014497449,0,0,0,0.002510731,0,0,0,0,0.000647931,0.001943792,0,0,0
X5_8_2_.2,-2,high,early_high,0.004665049,0,0,0,0,0,0,0,0.002612428,0,0,0,0,0,0,0,0,0,0,0,0.002239224,0,0,0,0.002239224,0,0,0.000279903,0.017074081,0,0,0,0,0,0,0,0.003358836,0,0,0,0,0,0,0,0,0,0,0,0,0,0.003265535,0.005038253,0,0,0,0.001306214,0,0,0,0.038813211,0,0,0,0.00849039,0,0,0,0,0,0,0.005598059,0.002612428,0,0,0.000466505,0,0,0,0,0,0,0,0,0,0.001772719,0,0,0,0,0,0,0.000653107,0,0,0,0,0,0.004851651,0,0,0.039559619,0,0,0,0,0.029576414,0,0.000373204,0,0.002705729,0,0,0,0.00093301,0,0.003918642,0,0,0,0,0,0,0,0.006997574,0,0,0,0,0,0,0,0,0,0,0,0,0,0,0,0,0,0,0,0,0,0,0,0,0,0,0,0.010263109,0,0,0,0,0,0,0,0.008770293,0,0,0.000653107,0,0.00279903,0.002239224,0,0.000839709,0,0,0,0,0.000653107,0,0,0,0,0.006437768,0,0,0,0,0,0,0,0,0.001586117,0,0,0,0,0,0,0.000559806,0,0,0.025844374,0,0,0,0,0.003078933,0,0,0,0,0,0,0,0,0,0,0,0,0,0,0,0,0.003638739,0,0,0,0,0,0,0.011569323,0,0,0,0,0,0,0.001306214,0,0,0,0,0,0.004478447,0,0,0,0,0,0,0,0,0,0,0,0,0,0,0.15851838,0,0,0.001399515,0.020806121,0,0,0.001212913,0,0,0,0,0,0.011476022,0,0,0,0,0,0.004571748,0,0,0,0,0,0,0,0,0,0,0.092647882,0,0,0,0,0,0,0,0,0,0.015394663,0,0,0.000466505,0,0,0,0.001772719,0,0,0,0,0,0,0,0,0,0,0.001026311,0,0.049916029,0,0,0.013901847,0,0.005877962,0.000839709,0,0.025657772,0.034334764,0,0.000279903,0,0.000653107,0,0.01418175,0,0,0,0,0,0,0,0,0,0,0,0,0,0,0,0,0.004291845,0.008583691,0,0,0.001026311,0,0,0,0,0.000653107,0.001119612,0,0,0,0,0.003452137,0.010169808,0,0,0,0,0.020153014,0,0,0.002332525,0,0,0.001492816,0.028363501,0.005131554,0,0.002145923,0.00279903,0,0.112894197,0,0,0,0,0,0,0,0,0,0,0,0,0.014648255,0,0,0,0,0,0,0,0.000279903,0,0.004944952,0,0,0,0,0.005131554,0,0,0,0.004851651,0,0,0,0.001306214,0.005131554,0,0,0,0,0,0,0,0,0,0,0,0,0,0,0,0,0,0.024631461,0,0,0,0,0,0.001306214,0,0,0,0.001399515,0,0,0.002705729
X5_8_3_.2,-2,low,early_low,0.003708893,0,0,0,0,0,0,0,0,0,0,0,0,0.002142916,0,0,0,0,0,0,0.001565977,0.000906618,0,0,0.077062557,0,0,0,0,0,0,0,0,0,0,0,0.001401137,0,0,0,0,0,0,0.153053655,0,0,0,0,0,0,0.001401137,0,0,0,0,0.000906618,0,0,0,0.008571664,0,0,0,0,0,0,0,0,0,0,0.002802275,0,0,0,0.010467321,0,0.000329679,0,0,0,0.001236298,0,0,0,0.001978076,0,0,0,0,0,0,0,0,0,0,0,0,0.001483557,0,0,0.027280969,0,0,0.037336191,0,0,0,0,0,0,0,0,0,0.00519245,0,0.003296794,0,0,0,0,0,0,0,0,0,0,0,0.00016484,0,0,0,0,0,0.002555015,0,0,0.000659359,0,0,0,0,0,0,0,0,0.01096184,0,0,0,0,0,0.000906618,0,0,0,0,0,0,0.00024726,0.017967527,0,0,0.002225336,0,0.002307756,0,0,0,0,0,0.000494519,0,0,0,0,0.000906618,0,0.000576939,0,0,0,0.003461634,0.011868458,0,0.000989038,0,0.003544053,0,0,0,0,0,0,0,0,0,0.002307756,0,0,0,0,0.001071458,0,0.00024726,0,0,0,0,0,0,0,0,0,0.000576939,0,0,0,0,0.008654084,0,0,0,0,0,0,0.011209099,0,0,0,0,0,0,0,0,0.001813237,0,0,0,0,0,0,0,0,0,0,0,0,0,0,0,0,0,0,0.011868458,0,0,0.000824198,0.039726366,0,0,0,0,0,0.001730817,0,0,0.002802275,0,0,0,0,0,0.002637435,0,0.002307756,0,0,0,0,0,0,0,0,0.244704525,0,0,0,0,0,0,0,0.002884695,0,0,0,0,0.002802275,0,0.001401137,0,0,0,0,0,0.000412099,0,0,0,0,0,0,0,0,0.020687382,0,0,0,0.001978076,0.002060496,0.001153878,0,0.002307756,0.004862771,0,0,0,0,0,0.003708893,0,0,0,0,0,0,0,0,0,0,0,0,0.00024726,0,0,0,0,0.00560455,0,0,0,0,0.055550977,0,0,0,0.001071458,0,0,0,0,0,0.005027611,0.000494519,0,0,0,0.001565977,0,0,0.001483557,0,0,0,0,0.003296794,0,0,0,0,0.003461634,0.007665046,0,0,0,0,0,0,0,0,0,0,0,0.034369076,0,0,0,0.001978076,0,0,0,0,0,0,0,0,0,0.004862771,0,0,0,0,0,0,0.00024726,0,0.002637435,0.003214374,0,0,0.00024726,0,0,0.011456359,0,0,0.002555015,0,0,0,0,0,0,0,0,0.018874145,0.050935465,0,0,0.001401137,0,0.001648397,0,0,0,0.001401137,0,0,0
X5_3_3_2,2,high,early_high,0.003777862,0,0,0,0,0,0,0,0,0,0.000472233,0,0,0,0,0,0,0,0,0,0.003305629,0,0,0,0.222327163,0,0,0,0,0,0,0,0,0,0,0,0,0,0,0,0,0,0,0.031734039,0.000944465,0,0,0,0,0,0,0,0,0,0,0,0,0,0,0,0,0,0,0,0,0,0,0,0,0,0.000755572,0,0.009350208,0,0,0,0,0,0,0,0,0,0,0,0.006327918,0,0,0,0,0,0,0,0,0.008405742,0,0,0.000377786,0,0,0,0.003116736,0,0,0,0.012750283,0,0,0,0,0,0,0,0,0.001038912,0,0,0,0,0,0.009161315,0,0,0,0,0,0,0,0,0,0,0,0,0,0.013505856,0,0,0,0,0.002266717,0,0,0,0,0,0,0,0.000755572,0,0.017472611,0,0,0.003872308,0,0,0,0,0,0,0,0.004816774,0,0,0,0,0,0.000661126,0,0,0,0,0,0,0,0,0,0,0,0,0,0,0,0,0.001322252,0,0,0,0,0,0,0,0,0,0,0.001227805,0,0,0.005383453,0,0,0,0,0,0,0,0,0,0,0,0,0,0,0,0,0,0,0,0,0,0.121363808,0,0,0,0,0.000188893,0,0.003683415,0,0,0,0,0,0,0,0,0,0,0,0,0.001700038,0,0,0,0,0,0,0.002077824,0,0,0,0,0,0,0,0.001133359,0,0,0.002644503,0.004722327,0.001700038,0,0,0,0.000755572,0,0,0,0,0,0,0,0,0.001227805,0.004438988,0,0,0,0.004722327,0,0,0,0,0,0,0.198809974,0,0,0.00028334,0,0.000377786,0,0,0,0,0,0,0,0,0,0,0,0,0,0,0,0,0,0,0,0,0,0,0,0,0.00217227,0,0,0,0.003305629,0.003305629,0,0,0.005289006,0,0,0,0,0,0,0.00217227,0,0,0,0,0,0,0,0,0,0,0.000472233,0,0,0,0,0,0.002927843,0.00217227,0,0,0,0,0.042500944,0,0,0,0,0,0,0,0,0,0,0,0,0,0,0,0.000566679,0,0.002550057,0,0,0,0.011050246,0,0,0,0,0,0,0.007083491,0,0,0,0,0.001416698,0,0,0,0,0,0,0.164148092,0,0,0,0,0,0,0,0,0,0,0,0.000472233,0,0,0,0,0,0.001133359,0,0,0,0,0,0.004533434,0,0,0,0,0.001322252,0,0.003400076,0,0,0,0,0,0,0,0,0,0,0.001794484,0.018983755,0,0,0,0,0.002266717,0,0,0,0,0,0,0
X5_3_4_2,2,high,early_high,0.002063217,0,0,0,0,0,0,0,0.001650574,0.000165057,0,0,0,0,0,0,0,0.001650574,0,0.002971032,0.003218618,0,0,0,0.200627218,0,0,0,0.005364364,0,0,0,0,0,0,0,0,0.005034249,0,0,0,0.001568045,0,0.079227532,0,0,0,0,0,0,0.002393332,0,0,0,0,0.000825287,0,0.000165057,0,0.010316085,0,0,0,0,0,0,0,0,0,0,0,0,0,0,0,0,0,0,0,0,0.000825287,0,0,0.000577701,0.018321367,0.001320459,0,0,0,0,0,0.000825287,0,0.009078155,0,0,0,0.000825287,0,0.000577701,0.0106462,0,0,0,0.012379302,0,0,0,0,0,0,0,0,0,0,0,0,0,0,0,0,0,0,0.000742758,0,0,0,0,0,0,0,0,0,0,0,0,0,0,0.002558389,0,0,0,0,0,0,0,0,0,0.034084344,0,0,0.005859536,0,0,0,0,0,0,0,0.00684988,0,0,0,0,0.000577701,0.00123793,0,0,0,0,0,0,0,0,0.00437402,0.001650574,0,0,0,0,0,0,0,0,0,0,0.001568045,0,0,0,0,0,0,0.003218618,0,0,0.006354708,0,0,0,0,0.00313609,0,0,0,0,0,0,0,0,0,0,0,0.001568045,0,0,0,0,0.042172155,0,0,0.000907815,0,0,0,0.005199307,0,0,0,0,0,0,0,0,0.002063217,0.000247586,0,0,0,0,0,0,0,0,0,0,0,0,0,0,0.001815631,0,0,0.003383676,0,0,0.024758604,0.014029875,0.001155402,0,0,0,0,0.001485516,0,0,0.002640918,0,0,0,0,0,0.011554015,0,0,0,0.000577701,0,0,0,0,0,0,0.107369811,0,0,0,0,0,0,0,0,0,0,0,0,0,0,0.000990344,0,0,0,0,0,0,0,0,0,0,0,0,0.002310803,0,0.001485516,0,0,0.002145746,0,0.001815631,0.001485516,0,0.014607576,0.008913097,0,0,0,0,0,0.009738384,0,0,0,0.000247586,0,0,0,0,0,0,0,0,0,0,0,0.000247586,0.008830569,0.005942065,0,0,0.000495172,0,0.107699926,0,0,0.002723446,0,0,0,0.000412643,0,0,0,0,0,0,0,0,0,0,0.003878848,0,0.000660229,0.000247586,0.010893786,0,0,0,0,0,0.043987786,0.003548733,0,0,0,0,0,0,0,0,0,0,0,0.04745399,0,0,0,0,0,0,0,0,0,0.000990344,0,0,0,0,0,0,0,0.001402988,0.003053561,0,0,0,0,0.011636544,0,0.001072873,0,0,0.000330115,0.000990344,0.005859536,0,0,0,0,0,0,0,0,0,0,0.011554015,0.009655855,0,0,0,0,0.000660229,0,0,0,0,0,0,0.00627218
X5_5_3_2,2,high,early_high,0.00337126,0,0,0,0,0,0,0,0,0,0,0,0,0,0,0.000210704,0,0,0,0,0.001580278,0,0,0,0.10450906,0,0,0,0.01348504,0,0.079646018,0,0,0,0,0,0,0,0,0,0,0,0,0,0,0,0,0,0,0,0.003160556,0.001369574,0,0,0,0.002949853,0,0,0,0.013063633,0,0,0,0,0,0,0,0,0.000948167,0,0.001369574,0,0,0,0.006637168,0,0,0,0,0,0.000632111,0,0,0,0.003055204,0.001369574,0,0,0,0,0,0,0,0,0,0.003792668,0,0.002739149,0,0,0.022861357,0.000316056,0,0,0,0.036767804,0,0,0,0.000842815,0,0.001896334,0,0.010324484,0,0,0,0.000210704,0,0,0,0.000210704,0,0.000842815,0,0,0,0,0,0,0,0,0,0,0,0,0,0,0,0,0,0,0,0,0,0,0,0,0,0,0,0.011167299,0,0,0,0,0,0,0,0.012010114,0,0,0.00168563,0,0,0.006215761,0,0,0,0,0,0,0,0,0,0.000842815,0,0.005162242,0,0,0,0.004424779,0,0,0.000948167,0,0.003055204,0,0,0.001158871,0,0,0,0,0,0,0.012747577,0,0,0,0,0.003160556,0,0,0,0,0,0,0,0,0,0,0,0,0,0,0,0,0.014643911,0,0,0,0,0,0,0.013168984,0,0.001369574,0,0,0,0,0.002949853,0,0,0,0.000526759,0,0,0,0,0,0,0,0,0,0.000632111,0,0.00168563,0,0,0,0,0.028234303,0,0,0.005583649,0.024230931,0,0,0.002528445,0,0,0.002633797,0,0,0.006005057,0,0,0,0,0,0.004214075,0,0,0,0,0,0,0,0,0,0,0.117888748,0,0,0,0,0,0,0,0,0.00168563,0.006005057,0.000210704,0,0,0,0.001580278,0,0,0,0,0,0,0,0,0,0,0,0,0.002317741,0,0.022123894,0,0,0.006005057,0.001369574,0.002844501,0.002739149,0,0.018647282,0.020965023,0,0,0,0,0,0.012747577,0,0,0,0,0,0,0,0,0,0,0,0,0,0,0,0,0,0.003055204,0,0,0,0,0,0,0,0,0.001474926,0,0,0,0,0.003055204,0.010219132,0,0,0,0,0.008638854,0,0,0,0,0,0,0.020965023,0.003265908,0,0.00168563,0,0,0,0.010219132,0,0,0,0,0,0,0,0,0,0,0,0.132848715,0,0,0,0.00168563,0,0,0,0,0,0.001790982,0,0,0,0,0,0,0,0,0.004319427,0,0,0,0.002001686,0.006637168,0,0,0,0,0,0.022861357,0,0,0,0.000421408,0,0,0,0,0,0,0,0.014327855,0.043088917,0,0,0,0,0,0,0,0,0,0,0,0.001158871
X5_5_4_2,2,low,early_low,0.008185754,0,0,0,0,0,0,0,0.000472255,0,0,0,0,0.001574183,0,0,0,0,0,0.005824479,0.002990948,0.003305785,0,0,0.01235734,0,0,0,0.024163715,0,0,0,0,0,0,0,0,0,0,0.000708383,0.001416765,0,0,0,0,0,0,0.000472255,0,0,0.004407713,0.003227076,0,0,0,0.00472255,0,0,0,0.033687525,0,0,0,0,0,0.002282566,0,0,0,0,0.003227076,0,0,0,0.001731602,0,0,0,0.001731602,0,0.001416765,0,0,0,0.004486423,0.000629673,0,0,0,0,0,0.000472255,0,0,0.000314837,0,0,0.001967729,0,0,0.017709563,0,0,0,0,0.04738292,0,0,0,0.001652893,0,0.001101928,0,0.005037387,0,0.006139315,0,0,0,0,0,0,0,0.008815427,0.000629673,0,0,0,0,0,0,0,0,0,0,0,0,0,0,0,0,0,0,0,0,0.004250295,0.000787092,0,0,0,0,0.01038961,0,0,0,0,0,0,0,0.005509642,0,0,0.000393546,0,0.002046438,0.003699331,0,0,0,0.000865801,0,0,0,0,0,0.000708383,0,0.007083825,0,0.000708383,0,0.001967729,0,0.001023219,0,0,0.008421881,0,0,0,0,0,0,0,0,0,0.018575364,0,0,0,0,0.002597403,0,0,0,0.001259347,0,0,0,0,0,0,0,0,0.000157418,0,0,0,0.003463203,0,0,0,0,0,0,0.021251476,0,0,0,0.000550964,0,0,0.000708383,0,0,0,0,0,0,0,0,0,0.000314837,0,0,0,0,0,0,0,0,0,0,0.123573396,0,0,0.010704447,0.02274695,0,0.000157418,0.001495474,0,0,0.002597403,0,0,0.017788272,0,0,0,0,0,0.006375443,0,0,0,0.000236128,0,0,0,0,0,0,0.079338843,0,0.004092877,0,0,0,0,0.002203857,0.004407713,0.001101928,0.007949626,0,0,0,0,0.002754821,0,0.000787092,0.005116096,0,0,0.000393546,0,0,0,0,0,0,0,0,0.021487603,0,0,0.009917355,0,0.008421881,0,0,0,0.047068083,0,0,0,0,0,0.030460449,0,0,0,0,0,0,0,0,0,0,0,0,0,0,0,0,0.005903188,0.008028335,0,0,0.003069658,0,0,0,0,0.037386856,0.001967729,0,0.019756002,0,0,0.003384494,0.010153483,0,0,0,0,0.011727666,0,0,0.004801259,0,0,0,0.041164896,0.005352224,0.000157418,0.002282566,0,0,0.001259347,0.001731602,0,0,0.01046832,0,0,0,0,0,0.001967729,0.000629673,0,0.021881149,0,0,0,0.000629673,0,0,0.000472255,0,0,0.000787092,0,0,0,0,0,0,0,0,0.009681228,0,0,0,0.002046438,0.007949626,0,0,0,0,0,0.009917355,0,0,0.002282566,0,0,0,0,0,0,0,0,0.041794569,0.007319953,0,0,0,0,0.001101928,0,0,0,0,0,0,0.000787092
X5_6_2_2,2,low,early_low,0.003784295,0,0,0,0,0,0,0,0.001032081,0,0,0,0.017115335,0,0,0,0,0,0,0.013417047,0.001634127,0.001376107,0,0,0.10269201,0,0,0,0.009460738,0,0,0,0,0,0,0.00025802,0,0,0,0,0,0.00077406,0,0,0.000860067,0,0,0,0,0,0.003612282,0,0,0,0,0.003010235,0,0,0,0.00756859,0,0.005676443,0,0,0,0,0,0,0,0,0.002408188,0,0,0,0.005418423,0,0,0,0.001892148,0,0,0,0,0,0.001462114,0,0,0,0,0,0,0,0,0.001032081,0,0.002064161,0,0.002494195,0,0,0.090221037,0,0,0,0,0.077492044,0,0,0,0.001806141,0,0,0,0.013503053,0,0,0,0,0,0,0.000430034,0,0,0.001806141,0,0,0,0,0,0,0,0,0,0,0,0,0,0,0,0,0,0,0,0,0,0.010836845,0,0,0,0,0,0.003268255,0,0.001376107,0,0.000172013,0,0,0,0.018835469,0,0,0.004730369,0,0.001548121,0,0,0,0,0,0,0,0,0,0,0.006708523,0,0.002064161,0.000860067,0,0,0.003268255,0,0.00077406,0.00051604,0,0.003698288,0,0,0,0,0,0.001118087,0.005160403,0,0,0,0,0,0,0,0.003010235,0,0,0,0,0,0,0,0,0,0,0,0.002494195,0,0,0,0,0.01384708,0,0,0,0,0,0,0.056334394,0,0.001720134,0,0,0,0,0,0,0.002236174,0,0,0,0,0.000602047,0,0,0,0,0,0,0,0,0,0,0,0,0,0.016255268,0,0,0.005074396,0.011782919,0,0,0,0,0,0.001978154,0,0,0.006708523,0,0,0,0.000688054,0,0.00679453,0.000430034,0,0,0,0,0,0,0,0,0,0,0,0,0,0,0,0,0,0.005246409,0.000602047,0,0,0,0,0,0,0,0.00077406,0,0,0,0.000688054,0,0,0,0,0,0,0,0,0.014793154,0,0,0.003784295,0,0.002666208,0.002838221,0,0.006708523,0.013245033,0.000430034,0,0,0,0,0.014535134,0,0,0,0,0.001978154,0,0,0,0,0,0,0,0,0,0,0,0.007396577,0.002150168,0,0,0,0,0,0.003096242,0,0.010664832,0.016771308,0,0.018147415,0,0,0.002236174,0.004644362,0,0,0,0,0.010836845,0,0,0.005160403,0,0,0.000688054,0.012212953,0.002580201,0,0.002494195,0,0,0.001118087,0.002064161,0,0,0,0,0,0,0,0,0,0.003440268,0,0.047733723,0,0,0,0.002408188,0,0,0,0,0,0.003354262,0,0,0,0.003870302,0,0,0,0,0.003182248,0,0,0,0.003096242,0.007396577,0,0,0,0,0,0.008084631,0,0,0,0,0,0,0,0.001806141,0,0,0,0.005848456,0.165906941,0,0,0,0,0.000344027,0,0,0,0.001548121,0,0,0.002236174
X5_6_3_2,2,low,early_low,0.007341491,0,0,0,0,0,0,0,0,0,0,0,0,0,0,0,0,0,0,0,0,0.001779755,0,0,0.034593993,0,0,0,0,0,0,0,0,0,0,0,0.002113459,0,0,0,0,0,0,0,0,0,0,0,0,0,0.001668521,0,0,0,0,0.003003337,0,0,0,0.027363737,0,0,0,0,0,0,0,0,0,0,0.001557286,0,0,0,0.004894327,0,0,0,0,0,0.003559511,0,0,0,0,0.002002225,0,0.004115684,0,0,0,0.001668521,0,0,0,0,0,0.001334816,0,0,0.027919911,0,0,0,0,0,0,0,0,0.001001112,0,0,0.000333704,0.054393771,0,0,0,0,0,0,0.001557286,0,0,0,0,0,0,0,0,0,0,0,0,0,0,0,0,0,0,0,0,0,0,0,0,0.004671858,0,0,0,0,0,0.021913237,0,0.001334816,0.000333704,0,0,0,0,0,0,0,0.003337041,0,0,0,0,0,0,0,0,0,0,0,0,0,0,0,0,0,0,0.002780868,0,0.00189099,0,0.000556174,0.001334816,0,0,0,0,0,0,0,0,0,0.041156841,0,0,0,0,0,0,0,0,0,0,0,0,0,0,0,0,0,0,0,0,0,0.036151279,0,0,0,0,0,0,0.002558398,0,0,0,0,0,0,0.001668521,0,0.003670745,0,0.000444939,0,0,0,0,0,0,0,0,0,0,0,0,0,0,0,0,0,0,0,0.011790879,0.06429366,0,0,0.002892102,0,0,0,0,0,0.012013348,0,0,0,0,0,0.010122358,0,0,0,0.000778643,0,0,0,0,0,0,0.24516129,0,0.011012236,0,0,0,0,0,0.002892102,0,0,0,0,0,0,0.005005562,0,0,0,0.002558398,0.001334816,0,0,0,0,0,0,0,0,0.000556174,0.021357063,0,0,0.003670745,0,0.004894327,0.005228031,0,0.001668521,0,0,0,0,0,0,0,0,0,0,0,0,0,0,0,0.00189099,0,0,0,0,0,0,0,0,0.004226919,0,0,0,0,0,0.001557286,0,0.027030033,0.004115684,0,0,0,0,0,0.004894327,0,0,0,0,0,0,0,0.002113459,0.000333704,0,0,0,0.003337041,0,0,0,0,0.00189099,0,0,0,0,0,0,0,0,0,0,0.000889878,0,0.098998888,0,0,0,0,0,0,0.003114572,0,0,0.003670745,0,0,0,0.009343715,0,0,0,0,0,0,0,0,0.004338154,0.000778643,0,0,0,0,0,0.047497219,0,0,0.005784205,0,0,0,0,0,0,0,0,0.060066741,0,0,0,0,0,0.000889878,0,0,0,0,0,0,0
X5_7_1_2,2,low,early_low,0.002543331,0,0,0,0,0,0,0,0.003202713,0,0,0,0,0,0,0,0,0,0,0,0.002543331,0.001507159,0,0,0.053127355,0,0,0,0,0,0,0,0,0,0,0,0,0,0,0,0,0,0,0.100697061,0,0,0,0,0,0,0.001318764,0.002354936,0,0,0,0.001789751,0,0,0,0.007912585,0,0,0,0,0,0,0,0,0,0,0.002920121,0,0,0,0.007159005,0,0,0,0,0,0,0,0,0,0.001224567,0.000659382,0,0,0,0,0,0.000470987,0,0,0,0,0,0.001130369,0,0,0.073379804,0,0,0.02976639,0,0.033345893,0,0,0,0,0,0,0,0.016955539,0,0.001601356,0,0,0,0,0,0,0,0.001601356,0,0,0,0,0,0,0,0,0,0,0,0,0,0,0,0,0,0,0,0,0,0.006028636,0,0,0,0.000941974,0,0.011868877,0,0,0,0,0,0,0,0.007253203,0,0,0.001978146,0,0,0,0,0,0,0,0,0,0,0,0.002543331,0,0,0.003108515,0,0,0,0.0036737,0,0,0.000659382,0,0.005180859,0,0,0,0,0,0,0,0,0,0,0,0.000941974,0,0,0,0,0,0,0.000470987,0,0.000565185,0,0,0,0,0,0,0,0,0,0,0.016013564,0,0,0,0,0,0,0.019875659,0,0,0,0,0,0,0,0,0.001318764,0,0,0,0,0,0.001224567,0,0,0,0,0,0,0,0,0,0,0,0,0.007441598,0,0,0.002543331,0.026940467,0,0,0.001695554,0,0,0.001695554,0,0,0.004615674,0,0.000847777,0,0,0,0.005840241,0,0,0,0,0,0,0,0,0,0,0.183873399,0,0,0,0,0,0,0,0.002637528,0,0,0,0,0.00442728,0,0.00329691,0,0,0,0,0,0,0,0,0,0,0,0,0,0,0.019310475,0,0,0.004238885,0,0.001412962,0.000659382,0,0.006122833,0.01177468,0,0,0,0,0,0.002920121,0,0,0,0,0,0,0,0,0,0,0,0,0,0,0,0,0.001789751,0.006876413,0,0,0,0,0.036737001,0,0,0.001507159,0,0,0.006405426,0,0.002166541,0,0.008948757,0,0,0,0,0.012057272,0.001036172,0,0.002920121,0,0,0,0.007064808,0.002072344,0,0.000565185,0,0,0.049736247,0.004992464,0,0,0,0,0,0,0,0,0,0,0,0.073850791,0,0,0,0.00075358,0,0,0,0,0,0.001036172,0,0,0,0,0,0,0,0.000847777,0.001036172,0,0,0,0.001789751,0.007064808,0,0,0,0,0,0,0,0,0.001318764,0,0,0,0,0,0,0,0,0.015919367,0.024679729,0,0,0,0,0,0,0,0,0,0,0,0.0036737
X5_7_3_2,2,low,early_low,0.00307574,0.001057286,0,0,0,0,0,0,0,0,0,0,0,0.001826221,0,0,0,0,0,0.010188389,0.003171857,0,0,0,0.10745867,0,0,0,0,0,0.042675894,0,0.000192234,0,0,0,0.00615148,0,0,0,0,0,0,0.04094579,0,0,0,0,0,0,0.003748558,0,0,0,0,0.001249519,0,0,0,0.010284506,0,0,0,0,0,0,0,0,0,0,0,0,0,0,0.018262207,0,0,0,0,0,0,0,0,0,0,0.003267974,0,0,0,0,0,0.000768935,0,0,0,0,0,0,0,0,0.004036909,0,0,0.01047674,0,0,0,0,0,0.001345636,0,0,0,0.008554402,0,0,0,0,0,0,0.001153403,0,0,0.000768935,0,0,0,0,0,0,0,0,0,0,0,0,0,0,0,0,0,0,0.000768935,0,0,0,0,0,0,0,0,0.021530181,0,0,0,0,0,0,0,0,0,0.002210688,0.000865052,0,0,0.002018454,0,0,0,0,0,0,0,0,0,0.000865052,0,0.008458285,0,0,0,0,0,0,0,0,0,0,0,0,0,0,0,0,0,0,0.024990388,0,0.000672818,0,0,0,0,0,0,0,0,0,0,0,0,0,0,0,0,0,0,0,0.059015763,0,0,0,0,0,0.000384468,0.007785467,0,0.004709727,0,0,0,0,0.000768935,0,0.003652441,0,0,0,0,0,0,0,0,0,0,0,0,0,0,0,0,0,0,0,0,0,0.005190311,0.058054594,0,0,0.001153403,0,0,0,0,0,0.004133026,0,0,0,0,0,0.003364091,0,0,0,0.00153787,0,0,0,0,0,0,0.189830834,0,0,0,0,0,0,0,0.002979623,0.000480584,0,0,0,0,0,0.002787389,0,0,0,0,0,0.000961169,0,0,0,0,0,0,0,0,0.020088428,0,0,0.001057286,0,0.00432526,0,0,0,0,0,0,0,0,0,0,0,0,0,0,0,0,0,0,0,0,0,0,0,0,0,0,0,0.002979623,0,0,0.000288351,0,0.017012687,0,0,0.00893887,0,0.000768935,0,0,0,0,0.00432526,0,0,0,0,0,0,0,0,0,0,0,0,0.00307574,0,0.000768935,0,0,0.064782776,0,0,0,0,0,0,0,0,0,0,0,0,0.094579008,0,0,0,0,0,0,0,0,0,0.002114571,0,0,0,0.007977701,0,0,0,0,0,0,0,0,0.000768935,0.013071895,0,0,0,0,0,0.002595156,0,0,0.002979623,0,0,0,0,0.001057286,0,0,0,0.011053441,0.038542868,0,0,0.000768935,0,0.002402922,0,0,0,0.001441753,0,0,0.002402922
X5_8_1_2,2,low,early_low,0.00248095,0.001535826,0,0,0,0,0,0,0.003485144,0,0,0,0,0,0,0,0,0,0,0,0.002835371,0.001063264,0,0,0.033729104,0,0,0,0,0,0.002008388,0,0,0,0,0,0,0.000826983,0,0,0,0.001122334,0,0.12079863,0,0,0,0,0,0,0.002776301,0.002953512,0,0,0,0.00254002,0,0,0,0.024041585,0.000177211,0,0,0,0.00750192,0,0,0,0,0,0.003780495,0.001122334,0,0,0.003544214,0,0,0,0,0,0.000590702,0,0,0,0.002244669,0.000767913,0,0,0,0,0,0.000708843,0.001594896,0,0,0,0,0.000590702,0,0,0.007206569,0,0,0.033492823,0,0,0,0,0,0.001890248,0,0,0,0.033965385,0,0,0,0,0,0,0.000649773,0,0,0.001417686,0,0.000590702,0,0,0.001004194,0,0,0,0,0,0,0,0,0,0,0,0,0,0.000531632,0,0,0.00502097,0,0,0,0,0,0.008742395,0,0,0,0,0,0,0,0.008860535,0,0,0.000590702,0.00011814,0.006320515,0,0,0,0,0,0,0,0,0,0,0,0,0.004312127,0,0,0,0.001181405,0.000295351,0.001122334,0,0,0.005847953,0,0,0,0,0,0,0,0,0.000177211,0.036741686,0,0.000886054,0,0,0.000531632,0,0,0,0,0,0,0.001004194,0,0,0.002303739,0,0,0,0,0,0,0.005198181,0,0,0,0,0,0,0.004489338,0,0.000886054,0,0,0,0,0.001063264,0,0,0.000295351,0.000295351,0,0,0,0,0.000177211,0,0,0.000295351,0,0,0,0,0,0,0,0,0.009569378,0,0,0.009628448,0.05032784,0,0,0.001653967,0,0,0.000354421,0,0,0.028294642,0,0,0,0,0,0.006911217,0,0,0,0.000177211,0,0,0,0,0,0,0.18400378,0,0.004134916,0,0,0,0,0,0.000826983,0.000472562,0,0,0,0.002126528,0,0.002185599,0,0,0,0,0,0.001122334,0,0,0,0,0,0,0,0,0,0,0,0.002658161,0,0.001535826,0,0,0.007029358,0,0,0,0,0,0,0,0,0,0,0,0,0,0,0,0,0,0,0,0,0,0,0,0,0.0127001,0,0,0,0,0.044657097,0,0,0.001063264,0,0.003012582,0,0,0,0,0.0226239,0,0,0,0,0.001653967,0,0,0,0,0,0,0,0.005434462,0,0.001772107,0.003071652,0.001181405,0.094098884,0,0,0,0,0,0,0,0,0,0,0,0,0.016539666,0.003426074,0,0,0,0,0,0,0,0,0,0,0,0,0.001890248,0,0,0,0.001063264,0,0,0,0,0.00259909,0.009569378,0,0,0,0,0,0.01772107,0,0.000236281,0,0,0,0,0,0.001890248,0,0,0,0.031956997,0.004607478,0,0,0.000708843,0,0.001181405,0,0,0,0,0,0,0
X5_8_2_2,2,high,early_high,0,0,0,0.000498654,0,0,0,0,0,0,0,0,0,0,0,0,0,0,0,0,0.000997307,0,0,0,0.069612047,0,0,0,0,0,0,0,0,0,0,0,0,0,0,0,0,0,0,0.213822679,0,0,0,0,0,0,0,0,0,0,0,0.000797846,0,0,0,0.018350454,0,0,0,0,0,0,0,0,0,0,0,0,0,0.00269273,0.004986536,0,0,0,0,0,0,0,0,0,0.004188691,0,0,0,0,0,0,0,0,0.046873442,0,0.000997307,0,0.001894884,0,0,0.007878727,0,0,0.066121472,0,0,0,0,0,0,0,0.000498654,0,0.002892191,0,0,0,0,0,0,0,0,0,0.001097038,0,0,0,0,0,0,0,0,0,0,0,0,0,0,0,0,0,0,0,0,0,0,0.00279246,0,0,0,0.001695422,0.006781689,0,0,0,0,0,0,0,0.007479805,0,0,0,0,0.001595692,0,0,0,0,0,0,0,0,0,0,0.00279246,0,0.003091653,0,0,0,0.00269273,0,0,0,0,0.001495961,0,0,0,0,0,0,0,0,0,0,0,0,0,0,0.000997307,0,0,0,0,0,0,0,0,0,0,0,0,0,0.000398923,0,0,0.018649646,0,0,0,0,0,0,0.00279246,0,0,0,0,0,0,0,0,0,0,0,0,0,0,0,0,0,0,0,0,0,0,0,0,0,0,0,0.029819487,0,0,0.005285729,0.004288421,0,0,0,0,0,0,0,0,0.004687344,0,0,0,0,0,0.014760148,0,0,0,0,0,0,0,0,0,0,0.098633689,0,0,0,0,0,0,0,0.002991922,0.000398923,0,0,0,0,0,0,0,0,0,0,0,0,0,0,0,0,0,0,0,0,0.013064725,0,0,0,0,0.000698115,0.00139623,0,0,0.007280343,0,0,0,0,0,0,0,0,0,0,0,0,0,0,0,0,0,0,0,0,0,0,0.004487883,0.008377381,0,0,0,0,0.081180812,0,0,0,0,0,0.018649646,0,0,0,0.003889498,0,0,0,0,0,0,0,0.00548519,0,0,0.000797846,0,0,0,0.002393537,0,0,0.050962402,0.002293807,0,0,0,0,0,0,0,0,0,0,0,0.030018949,0,0,0,0,0.002094345,0,0,0,0,0.001595692,0,0,0,0,0,0,0,0.001894884,0,0,0,0,0,0.011169841,0,0,0,0,0,0.026328912,0,0,0,0.000199461,0,0,0,0.001595692,0,0,0,0.02612945,0.036401715,0.001994615,0,0,0,0.001296499,0,0,0,0,0,0,0
X5_8_3_2,2,low,early_low,0.003408942,0,0,0,0,0,0,0,0.006293431,0,0,0,0,0.000524453,0,0,0,0,0,0.005637865,0,0,0,0,0.014029107,0,0,0,0.01206241,0,0.022158122,0,0,0,0.000262226,0,0.00458896,0,0,0,0,0,0,0.004195621,0,0,0,0,0,0,0.003671168,0.002884489,0,0,0,0.001180018,0,0,0,0.01455356,0,0,0,0,0,0,0,0,0,0,0.002228924,0,0,0,0.003802281,0,0,0,0,0,0,0,0,0,0.002884489,0,0,0,0,0,0,0,0,0,0,0.002622263,0,0.001704471,0,0,0.057034221,0,0,0,0,0.089943621,0,0,0,0.001442245,0,0,0,0.001966697,0,0,0,0,0,0,0.000917792,0,0,0.002228924,0,0,0,0,0,0,0,0,0,0,0,0,0,0,0,0,0,0,0,0,0,0.01206241,0,0,0,0,0,0.007342336,0,0,0,0,0,0,0,0.018093615,0,0,0.000917792,0,0.00209781,0.001442245,0,0,0,0,0,0,0,0,0.001180018,0.000786679,0,0,0,0,0,0,0,0,0.000393339,0.000393339,0,0,0,0,0,0,0,0,0,0,0.017831388,0,0,0,0,0,0,0,0,0.000655566,0,0,0,0,0,0,0,0.000524453,0,0,0,0,0.017175823,0,0,0,0,0,0,0.009177921,0,0,0,0,0,0,0.001180018,0,0.004720073,0,0,0,0,0,0,0.000524453,0,0,0,0,0,0,0,0,0,0,0,0.020846991,0,0,0.005900092,0.030156025,0,0,0.001048905,0,0,0.002360037,0,0,0.011013505,0,0,0,0,0,0.004720073,0,0,0,0,0,0,0,0,0,0,0.220270093,0,0,0,0,0,0,0,0.001442245,0,0,0,0,0,0,0.001311132,0,0,0,0,0,0,0,0,0,0,0,0,0.001311132,0,0.006817884,0,0,0.004064508,0,0.0049823,0,0,0.024911499,0.018093615,0,0,0,0.001048905,0,0.011275731,0,0,0,0,0,0,0,0,0,0.001048905,0,0,0,0,0,0,0.01665137,0.002360037,0,0,0,0,0,0,0,0.005375639,0,0,0,0,0,0,0.006555658,0,0,0,0,0.008653468,0,0,0.002360037,0,0,0.000917792,0.018093615,0.002228924,0,0.001180018,0.003146716,0,0.08823915,0.004195621,0,0,0,0,0,0,0,0,0,0,0,0.058083126,0,0,0,0,0,0,0,0,0,0.001311132,0,0,0,0,0,0,0,0.001311132,0.001573358,0,0,0,0.001966697,0.007604563,0,0,0,0,0,0,0,0,0.001573358,0,0,0,0,0,0,0,0,0.018618067,0.01665137,0,0,0,0,0,0,0,0,0,0,0,0
X5_3_3_6,6,high,late_high,0,0,0,0,0,0,0,0.000353196,0,0,0,0,0,0.003027398,0,0,0,0,0.017912105,0,0.015893839,0,0,0,0.004036531,0,0,0,0,0,0.00433927,0,0,0,0,0,0,0.047227408,0,0,0,0,0,0,0,0,0,0,0.004742923,0,0.001917352,0,0,0,0,0.001816439,0,0,0,0.020031283,0,0,0,0.021595439,0,0,0,0,0,0,0,0,0,0,0,0,0,0,0,0,0,0,0,0,0,0.001564156,0,0,0,0,0,0,0,0,0,0,0,0.00030274,0,0,0,0,0,0,0,0.000655936,0,0,0,0,0,0,0,0.000504566,0,0,0,0,0,0,0.001715526,0,0,0,0,0,0,0,0.000555023,0,0,0,0.006963015,0.010545436,0,0,0,0,0,0,0.000908219,0,0.100206872,0,0,0,0,0,0,0,0,0,0.001009133,0,0,0,0,0,0,0.002220092,0,0.001765982,0,0,0,0,0,0,0,0.00015137,0,0,0,0,0,0,0,0,0,0,0.000100913,0,0.001059589,0,0,0,0,0,0,0,0,0,0,0.006206166,0.009082194,0,0,0,0,0,0,0,0,0,0.000100913,0,0,0,0,0,0,0,0,0,0,0,0,0,0.019829457,0,0,0,0,0,0,0.064180837,0,0,0,0,0,0.000201827,0,0,0,0,0,0,0.015237903,0,0,0.000353196,0,0,0,0.006004339,0,0,0,0,0,0,0,0,0,0,0.018366214,0,0.00045411,0,0.00539886,0,0.000908219,0,0.00060548,0,0,0,0,0,0,0,0.010545436,0,0,0,0,0,0,0,0,0,0,0.056713255,0,0.01902215,0,0,0,0,0,0.013219638,0.000807306,0,0,0,0,0,0.013320551,0,0,0,0.005752056,0,0,0,0,0.002926485,0,0,0,0,0,0,0.00015137,0,0.001311872,0.002068722,0,0,0,0.0041879,0,0,0,0,0,0,0.013320551,0,0,0.00030274,0,0,0,0,0,0,0,0,0,0,0,0,0,0.003885161,0.191281094,0,0,0,0,0,0.003481508,0,0,0,0,0,0,0,0,0,0,0,0,0,0,0,0,0.060699329,0,0,0,0,0,0,0.016600232,0,0,0.001412786,0,0,0,0.003885161,0,0,0,0,0,0,0.000504566,0,0.038145214,0,0,0,0,0,0,0.003027398,0,0,0,0,0,0,0,0,0,0,0.001412786,0.004137444,0,0,0,0.000504566,0.0041879,0,0,0,0,0,0.088198194,0.001967809,0,0.002522832,0.000201827,0,0,0,0.002220092,0,0,0,0.00464201,0,0,0,0,0,0.003380594,0,0,0,0,0,0,0
X5_3_4_6,6,high,late_high,0,0,0.001171842,0,0.016824307,0,0,0,0.000251109,0,0,0,0,0.001506654,0,0,0,0,0.0609358,0.000502218,0.049426634,0,0,0,0.005691805,0,0,0,0,0,0,0,0,0,0,0,0,0.020381686,0,0,0,0,0,0,0,0,0,0,0.006947351,0,0.006445133,0,0,0,0,0.002343685,0,0,0,0.016949862,0,0,0,0,0,0,0,0,0,0,0.000251109,0.009291035,0,0,0,0,0,0,0,0,0.000753327,0,0,0.000376664,0,0.001004436,0,0,0,0,0,0.000209258,0,0,0,0,0,0.00443626,0,0,0,0,0,0,0,0,0,0,0,0,0,0,0,0,0,0,0,0,0,0,0.001129991,0,0,0,0,0,0,0,0,0,0,0,0.025529422,0.004352557,0,0,0,0,0,0,0.004561815,0,0.34460534,0,0,0,0,0,0,0,0,0.000753327,0,0,0,0,0,0,0,0.001715912,0,0,0,0,0.001129991,0,0,0,0,0,0,0,0,0,0,0.001464803,0,0,0,0,0,0,0.000878882,0,0.000251109,0,0,0,0,0,0,0,0,0,0.016029129,0,0,0,0,0,0,0,0,0,0,0,0.000292961,0,0,0,0,0,0,0,0,0,0,0,0.061396166,0,0,0,0,0,0,0.00581736,0,0,0,0,0,0,0,0,0.004268854,0,0,0,0,0,0,0,0,0,0,0.001297397,0,0,0,0,0,0,0,0,0,0,0.010755838,0.000627773,0,0,0.003348121,0,0,0,0,0,0,0,0,0,0,0,0.014313217,0,0,0,0,0,0,0,0,0.000251109,0,0.014857286,0,0,0,0,0,0,0,0.010295472,0,0,0,0,0,0,0.026282749,0,0.000376664,0,0.016949862,0,0,0,0,0.000167406,0,0,0,0.001171842,0,0.002971457,0,0,0.000292961,0,0,0,0,0.002552942,0,0,0,0,0.000669624,0,0,0,0,0.001297397,0,0,0,0,0,0,0,0,0,0,0,0,0,0.000502218,0.042897799,0,0.000167406,0,0,0,0,0,0,0,0,0,0,0,0,0.000753327,0,0,0,0,0,0.001297397,0,0.020800201,0,0,0.000376664,0,0,0,0.001841466,0,0,0,0,0,0,0,0,0,0,0,0,0,0,0,0.035783042,0,0,0,0,0,0,0.001464803,0,0,0,0,0,0,0,0,0,0,0.001548506,0,0,0,0,0,0.005566251,0,0,0,0,0,0.009583996,0.005901063,0,0.013057671,0,0,0,0,0.001632209,0,0,0,0.065706872,0,0,0,0,0,0.001213694,0,0,0,0.001548506,0,0,0
X5_5_3_6,6,high,late_high,0.003756906,0.000939227,0,0,0,0,0,0,0.00160221,0,0,0,0,0,0,0,0,0,0,0,0.003149171,0,0,0,0.026464088,0,0,0,0.00878453,0,0,0.000110497,0,0,0,0,0,0.001160221,0,0,0,0.000607735,0,0,0,0,0,0,0,0,0.002209945,0.000883978,0,0,0,0.00359116,0,0,0.000276243,0.025856354,0,0.002375691,0,0,0,0.002209945,0,0,0.000607735,0,0.002430939,0,0,0,0.00679558,0,0,0,0,0,0,0,0,0,0.000994475,0,0,0,0,0,0,0,0,0,0,0,0,0.004198895,0,0,0.015359116,0,0,0,0,0.050662983,0,0,0,0.000773481,0,0,0,0,0,0,0,0,0,0,0,0,0,0.002265193,0,0,0,0,0.001325967,0,0,0,0,0.002928177,0,0.000718232,0,0,0,0,0,0,0.000441989,0,0,0.013370166,0.000883978,0,0,0,0,0.014088398,0,0,0,0,0,0,0,0.023922652,0.000662983,0,0.000552486,0,0.005082873,0.006464088,0,0,0,0.000220994,0,0,0,0,0,0.002265193,0,0.003093923,0,0,0,0.001049724,0,0.001436464,0,0.000276243,0.000773481,0,0,0,0,0,0,0,0,0,0.011546961,0,0.000607735,0,0,0.003535912,0,0,0,0,0,0,0,0,0,0.002375691,0,0,0.000331492,0,0,0,0.093756906,0,0,0,0,0,0,0.035635359,0,0.00121547,0,0,0.000110497,0,0.001546961,0,0.001325967,0.000165746,0.000220994,0,0,0,0,0.000552486,0,0,0,0.001160221,0,0,0,0,0,0,0,0.045027624,0,0,0.009171271,0.019779006,0.000828729,0,0.002375691,0,0,0.002872928,0,0,0.009723757,0,0,0,0,0,0.00480663,0,0,0,0.001767956,0,0,0,0,0,0,0.133812155,0,0,0,0,0,0,0,0.01320442,0.000718232,0.005248619,0,0,0,0,0.001104972,0,0.000939227,0,0,0,0.00038674,0,0,0,0,0,0,0.001657459,0,0.017071823,0,0,0.004254144,0.000773481,0.002707182,0.000497238,0,0.006906077,0.019116022,0,0,0,0.000276243,0,0.002320442,0,0,0,0,0,0,0,0,0,0,0,0,0,0,0,0,0,0.005303867,0,0,0,0,0,0.000497238,0,0.001381215,0.003701657,0.000828729,0.015911602,0,0,0.007016575,0.004585635,0,0,0,0,0.004530387,0.000497238,0,0.002541436,0,0,0.001381215,0.016906077,0.00198895,0,0.001049724,0.001160221,0,0.053756906,0.008176796,0,0,0,0,0,0,0,0,0,0,0,0.064198895,0.00558011,0,0,0.001436464,0.001657459,0,0.001104972,0,0,0.001270718,0,0,0,0.001657459,0,0,0,0,0,0,0,0.000718232,0.000607735,0.002541436,0,0,0,0,0,0.012154696,0,0,0,0.000331492,0,0,0,0,0,0,0,0.044364641,0.015635359,0,0,0,0,0.000883978,0,0,0,0.00519337,0,0.00038674,0
X5_5_4_6,6,low,late_low,0.000297202,0,0,0,0,0,0,0,0.005944041,0,0,0,0,0.0019955,0,0,0,0,0.029635291,0.002377616,0.022120324,0,0,0,0.004245744,0,0,0,0.005222265,0,0.000976521,0,0,0,0,0,0,0.006071413,0,0,0.001188808,0.00016983,0,0,0,0,0,0,0,0,0.003056935,0.000594404,0,0,0,0.00182567,0,0,0,0.016133826,0,0,0,0,0,0,0,0,0,0,0.002207787,0.005009977,0,0,0,0,0,0,0,0,0,0,0,0.000679319,0,0.000382117,0,0,0.002717276,0,0,0.00016983,0,0,0,0,0,0.004627861,0,0,0.000254745,0,0,0,0,0.019233219,0,0,0,0.000636862,0,0,0,0.001613383,0,0,0,0,0,0,0.001146351,0,0,0.002377616,0,0,0,0,0.001273723,0,0,0,0,0.014180784,0,0,0,0,0,0,0,0,0.004755233,0,0,0.014987475,0,0,0,0,0.000636862,0.000891606,0.007599881,0,0,0,0,0,0,0.026535898,0,0,0.001231266,0,0.002250244,0,0,0,0,0,0,0,0,0,0,0.001443553,0,0,0,0,0,0.000636862,0.000339659,0.000934064,0.000594404,0,0,0,0,0.00165584,0,0,0,0,0,0,0,0,0,0,0,0.001018978,0,0,0,0,0.000382117,0,0,0,0,0,0,0,0.000212287,0,0.000127372,0,0.026450983,0.000424574,0,0,0,0,0,0.195516495,0,0.001231266,0,0,0,0,0,0,0.00182567,0,0,0,0,0,0,0,0,0,0,0.002462531,0,0,0.002250244,0,0,0,0,0.047085297,0,0,0.005519467,0.00810937,0,0,0.003269223,0,0,0.00165584,0,0,0.001740755,0,0,0,0,0,0.007430051,0,0,0,0.000721776,0,0,0,0,0,0,0.052052817,0,0.006198786,0,0,0,0,0,0.013459007,0.002080414,0.029677748,0,0,0,0,0.014477986,0,0.001061436,0,0.008151828,0,0,0,0,0.001401095,0,0,0,0.001018978,0,0.092175094,0,0,0.002037957,0.000339659,0.000764234,0,0,0.006580903,0.010402072,0,0,0.00016983,0.001018978,0,0.024073366,0,0,0.000891606,0,0,0,0,0,0,0,0,0,0,0,0,0,0.003736254,0.022799643,0,0,0.001316181,0,0,0,0,0.000594404,0,0,0.011548423,0.000254745,0,0.003184308,0.005646839,0,0,0,0,0,0,0,0.003269223,0,0,0,0.008321658,0.000679319,0,0.002335159,0,0,0.004755233,0.000382117,0,0,0.007514966,0,0,0,0,0,0,0,0,0.013331635,0,0,0.00016983,0,0,0,0.000976521,0,0,0.000212287,0,0,0.000254745,0,0,0,0,0.000721776,0.009340636,0,0,0,0.000764234,0.004373116,0,0,0,0,0,0.027597334,0,0,0.006368615,0.000254745,0,0,0,0.001401095,0,0,0,0.045302085,0.00331168,0,0,0,0,0.001868127,0,0,0,0.008703774,0,0.000382117,0
X5_6_2_6,6,low,late_low,0,0,0,0,0,0,0,0,0.004143011,0,0,0,0,0.000971817,0,0,0,0.000767224,0.001125262,0.002608562,0.003529231,0,0,0,0.087872743,0,0,0,0.00475679,0,0.010076211,0,0,0,0,0,0,0.001278707,0,0,0,0,0,0,0,0,0,0,0,0,0.003324638,0,0,0,0,0.002710859,0,0,0,0.007007314,0,0.006342387,0,0,0,0.005217124,0,0,0,0,0.000767224,0,0,0,0.008899801,0,0,0,0.000920669,0.000204593,0,0,0,0,0,0,0,0,0.011354918,0,0,0,0,0,0,0,0,0.002199376,0,0,0.001687893,0,0,0,0,0.019640939,0,0,0,0.00030689,0,0,0,0.001636745,0,0.003068897,0,0,0,0,0.000664928,0,0,0,0,0,0,0,0,0,0,0,0,0.081376912,0,0,0,0.007007314,0,0,0,0,0.000409186,0,0,0,0,0,0,0,0,0.000460335,0,0,0,0,0,0,0,0.003222342,0,0,0.001074114,0,0.001892486,0,0,0,0,0.000716076,0,0,0,0,0,0.017492711,0,0,0,0,0,0.001892486,0.002864304,0.000920669,0.001534448,0,0,0,0,0,0,0,0,0.000869521,0,0,0,0,0.000664928,0,0,0.000358038,0,0,0,0,0.000358038,0,0,0,0,0,0,0,0,0,0,0,0.176615007,0,0,0,0,0,0,0.114725589,0,0,0,0,0,0,0,0,0,0,0,0.003631528,0,0,0,0,0,0,0,0,0,0,0,0,0,0,0,0.006598128,0,0,0.000971817,0.017288118,0,0,0.000818372,0,0,0.001687893,0,0,0,0,0,0,0,0,0.002301673,0,0,0,0.000767224,0,0,0,0,0.000204593,0,0.013349701,0,0.004501049,0,0,0,0,0,0.00654698,0.001022966,0.007927983,0,0,0,0,0.00179019,0,0.000562631,0,0,0,0,0,0,0,0,0,0,0,0,0.025983326,0,0,0.001329855,0.001585597,0,0,0,0.00327349,0.009104394,0,0,0,0.002045931,0,0.026801698,0.001278707,0,0,0,0,0,0,0,0,0,0,0,0,0,0,0,0.00358038,0.006393535,0,0,0,0,0,0,0,0.000664928,0,0,0.006751573,0.000409186,0,0.000971817,0.001943635,0,0,0,0,0.001739041,0.000869521,0,0.001585597,0,0,0.000153445,0.006342387,0,0,0.000767224,0,0,0.002403969,0.01217329,0,0,0.008592911,0,0,0.001585597,0,0,0,0,0,0.04040714,0,0,0,0.00179019,0.000664928,0,0.00030689,0,0,0.000511483,0,0,0,0,0,0,0,0,0.008439466,0,0,0,0,0.001125262,0,0,0,0,0,0.019487494,0,0,0,0,0,0,0,0,0,0,0,0.026290215,0.087258964,0,0,0,0,0.000920669,0,0,0,0.006086645,0,0.000204593,0.000664928
X5_6_3_6,6,low,late_low,0,0,0,0,0,0,0,0,0,0,0,0,0,0.002809453,0,0,0,0,0.042472319,0.006114692,0.021731945,0,0,0,0.005742852,0,0,0,0,0,0.016402248,0,0,0,0,0,0,0.003553132,0,0,0.000289208,0,0,0,0,0,0,0,0.004875227,0,0.009048091,0,0,0,0,0.001693935,0,0,0,0.016732771,0,0,0,0,0,0,0,0,0,0,0.002478929,0.010328871,0,0,0,0,0,0,0,0,0.000702363,0,0,0.000537101,0,0.000578417,0,0.000495786,0,0,0,0.001446042,0,0,0,0,0,0.003883656,0,0,0,0,0,0,0,0,0,0,0,0.000371839,0,0,0,0.006527847,0,0.002148405,0,0,0,0,0.000702363,0,0,0,0,0,0,0,0,0,0,0,0,0.072632623,0,0.001198149,0,0,0,0,0,0,0.002272352,0,0,0.002892084,0.000330524,0,0,0,0,0.003553132,0,0,0,0,0,0.000123946,0,0.004214179,0,0,0.001776566,0,0.001487357,0,0,0,0,0,0,0,0,0,0,0.000867625,0,0,0,0,0,0,0.000413155,0.000950256,0,0,0,0,0,0,0,0,0,0.001776566,0,0,0.006156007,0,0.001239465,0,0.001941828,0,0,0,0,0,0,0,0,0,0,0,0,0,0.000206577,0,0,0,0.034415799,0,0,0,0,0,0,0.061105602,0,0.006238638,0,0,0,0,0,0,0.00173525,0,0,0,0,0,0,0,0,0,0,0,0,0,0,0,0,0,0,0,0,0,0.016608825,0.015699884,0.000784994,0,0.005205751,0,0,0,0,0,0,0,0,0,0,0,0.012559907,0,0,0,0,0,0,0,0,0.000413155,0.000123946,0.049206743,0,0.037721038,0,0,0,0,0,0.028383738,0.025409023,0.007271525,0,0,0,0,0.012229384,0,0,0,0.00851099,0,0.000165262,0,0,0.000950256,0,0,0,0,0,0.02892084,0,0,0.003966287,0,0.003553132,0.000371839,0,0,0,0,0,0,0.002065774,0,0,0,0,0.000495786,0,0,0,0,0,0,0,0,0,0,0,0,0,0,0.054660387,0,0,0.003263923,0,0,0,0,0,0,0,0,0,0,0.00045447,0.006817055,0,0,0,0,0,0.000867625,0,0.011857544,0,0,0,0,0,0,0.000661048,0.004131549,0,0.000991572,0,0,0,0,0,0,0,0,0,0,0,0,0.005866799,0.002602876,0,0,0,0,0,0.012642538,0,0,0.000247893,0,0,0,0.000413155,0,0,0,0.001074203,0,0,0,0,0.000661048,0.014005949,0,0,0,0,0,0.182242605,0,0,0.015493307,0,0,0,0,0.002148405,0,0,0,0.027929268,0,0,0,0,0,0.002354983,0,0,0,0.018344075,0,0.00045447,0
X5_7_1_6,6,low,late_low,0,0,0,0,0,0,0,0,0.000975066,0,0,0,0,0.001114361,0,0,0,0.00229837,0.034754144,0.001462599,0.012884803,0,0,0,0.015392116,0,0,0,0,0,0.004457445,0,0,0,0,0,0,0.003134141,0,0,0,0.000557181,0,0,0,0,0,0,0,0,0.005502159,0.000626828,0,0,0,0,0,0,0,0.014625992,0,0,0,0,0,0,0,0,0,0,0.001950132,0.002437665,0,0,0.003064494,0,0,0,0,0,0.001671542,0,0,0,0,0.000835771,0,0,0.018247667,0,0,0.000208943,0,0,0,0,0,0.002576961,0.001184009,0,0.000766123,0,0,0,0,0.013441984,0,0,0,0.00027859,0,0,0,0.001184009,0,0.001114361,0,0,0,0,0.00201978,0,0,0,0,0,0,0,0,0,0,0,0,0.11756512,0,0,0,0,0,0,0.002716256,0,0.043877977,0,0,0,0,0,0,0,0,0.002368018,0,0,0,0,0,0,0,0.005084274,0,0,0,0,0.007591587,0,0,0,0,0,0,0,0,0,0,0,0,0,0,0,0,0,0.003134141,0,0.000417885,0,0,0,0,0,0,0,0,0,0,0,0,0,0,0,0,0,0,0,0,0,0,0,0,0,0,0,0,0,0,0,0,0,0.183173144,0.001184009,0,0,0,0,0,0.079398245,0,0.004666388,0,0,0,0,0,0,0.001114361,0,0,0,0,0,0,0,0,0,0,0.003064494,0,0,0,0,0,0,0,0.000835771,0,0,0.002437665,0.01469564,0,0,0.001880485,0,0,0,0,0,0,0,0,0,0,0,0.005293216,0,0,0,0.000557181,0,0,0,0,0,0,0.112759437,0,0,0,0,0,0,0,0.007939824,0,0,0,0,0,0,0.006825463,0,0.00174119,0,0.003134141,0,0,0,0,0,0,0,0,0,0,0.016227887,0,0,0.00174119,0,0,0,0,0.008218415,0.006895111,0,0,0,0.002855551,0,0.001184009,0,0,0.000557181,0,0,0,0,0,0,0,0,0,0,0,0,0,0.004457445,0.016785068,0,0,0.001462599,0,0,0,0,0,0,0,0.005223569,0,0,0.000696476,0.014904583,0,0,0,0,0,0.010238195,0,0.003830617,0,0,0,0.00661652,0.000905419,0,0.001323304,0,0,0.015461763,0,0,0,0,0,0,0,0,0,0,0,0,0.050842736,0,0,0,0.000626828,0,0,0,0,0,0,0,0,0,0,0,0,0,0.000975066,0.000626828,0,0,0,0,0.005571807,0,0,0,0,0,0.001532247,0,0,0.003343084,0,0,0,0,0.000975066,0,0,0,0.027023262,0.020197799,0,0,0,0,0.000557181,0,0,0,0.005571807,0,0.000348238,0
X5_7_3_6,6,low,late_low,0.006205451,0,0,0,0,0,0,0,0.001006289,0,0,0,0,0,0,0,0,0,0,0.009308176,0.008888889,0,0,0,0.013584906,0,0,0,0,0,0.008301887,0,0,0,0,0,0,0,0,0,0,0,0,0.042599581,0,0.000251572,0.000419287,0,0,0,0.001006289,0,0,0,0,0.002431866,0.000251572,0,0,0.024654088,0,0,0,0,0,0,0,0.000503145,0,0.027085954,0.002851153,0,0,0,0.001509434,0,0,0,0.002264151,0,0.001257862,0,0,0,0,0.003522013,0,0,0,0,0,0.004696017,0,0,0,0.001928721,0,0.005283019,0,0,0.001677149,0,0,0.011069182,0,0,0,0,0,0.002180294,0,0,0,0.011572327,0,0,0,0,0,0,0.001425577,0,0,0,0,0,0,0,0,0.000251572,0,0,0,0.00067086,0,0.000587002,0,0,0,0,0,0,0.000503145,0,0,0.007379455,0,0,0,0,0,0.006121593,0,0,0,0,0,0,0,0.005786164,0,0.087714885,0.000419287,0,0,0,0,0,0,0,0,0,0,0,0,0.001677149,0,0,0,0,0,0,0,0.001509434,0,0,0,0,0,0,0,0,0.001928721,0.002012579,0,0,0.086708595,0,0,0,0,0,0,0,0,0,0,0,0,0.000251572,0,0,0,0,0,0,0,0,0.019035639,0,0,0,0,0,0,0.016939203,0,0,0,0,0,0,0.001257862,0,0.001593291,0,0,0,0,0,0,0.000587002,0,0,0,0,0,0,0,0,0,0,0,0,0,0,0.016855346,0.019622642,0,0,0.005366876,0,0,0,0,0,0,0,0,0,0,0,0.007044025,0,0,0,0.000587002,0,0,0,0,0,0,0.068930818,0,0,0,0,0,0,0,0.010733753,0,0.015597484,0,0,0,0,0.008721174,0,0,0,0,0,0,0,0,0,0,0,0,0,0,0.058280922,0,0,0.007295597,0,0.019371069,0,0,0,0,0,0,0,0,0,0,0,0,0,0,0,0,0,0,0,0,0,0.000251572,0,0,0,0,0,0.012410901,0,0,0.002515723,0,0.015429769,0,0,0.002180294,0.000922432,0,0,0,0,0,0.002851153,0,0,0,0,0,0,0,0,0,0,0,0,0,0,0.002348008,0.002683438,0,0.030607966,0,0,0,0,0,0,0,0,0,0,0,0,0.050733753,0,0,0,0,0,0,0.003857442,0,0.000251572,0.006373166,0,0,0,0.006037736,0,0,0,0,0,0.034213836,0,0,0,0.01509434,0,0,0,0,0,0.01509434,0,0.00033543,0.00427673,0,0,0,0,0,0,0,0,0.088134172,0.017861635,0,0,0,0,0.002851153,0,0,0,0.002599581,0,0.001006289,0
X5_8_1_6,6,low,late_low,0.005200997,0,0,0,0,0,0,0,0.002492144,0,0,0,0,0.000866833,0,0,0,0,0.000975187,0.009426807,0.006392892,0.001408603,0,0,0.06024488,0,0,0,0,0,0.019612092,0,0,0,0,0,0,0,0,0,0,0,0,0.020587279,0,0,0,0,0,0,0,0.001300249,0,0,0,0,0,0,0,0.015928053,0,0,0,0,0,0,0,0,0,0.015169574,0.002275436,0.005959476,0,0,0.006826308,0,0,0,0,0,0.006826308,0,0,0,0,0.0066096,0,0,0,0,0,0.008126558,0,0,0,0,0,0.002058728,0,0,0.000650125,0,0,0,0,0,0,0,0,0.001083541,0,0,0,0.02405461,0.000325062,0,0,0,0,0,0.001625312,0,0,0,0,0,0,0,0,0,0,0,0,0.006501246,0,0,0,0,0,0,0,0,0.000541771,0,0,0.00422581,0.001733666,0,0,0,0,0.019395384,0,0,0,0,0,0,0,0,0,0.038790768,0.000758479,0,0,0,0,0,0,0,0,0,0,0,0,0.001408603,0,0,0,0,0,0.002925561,0.001408603,0,0,0,0.003467331,0,0,0,0.000325062,0,0,0.001950374,0,0,0.027955358,0,0.001083541,0,0,0,0,0,0,0,0.000541771,0,0,0,0,0,0,0,0,0,0,0,0.037815581,0,0,0,0,0,0,0.072055477,0,0.005309351,0,0,0,0,0.001191895,0,0.001516957,0.000325062,0,0,0,0,0,0.000650125,0,0,0,0,0,0,0,0,0,0,0,0,0.00845162,0,0.019612092,0.037815581,0,0,0.00184202,0,0,0,0,0,0,0,0,0,0,0,0.006284538,0,0,0,0.022212591,0.000975187,0,0,0,0,0,0.181384765,0,0,0,0,0,0,0,0.005526059,0,0,0,0,0,0,0.009426807,0,0,0,0,0,0,0,0,0,0.000433416,0,0,0,0,0,0,0,0.002600498,0,0.010727056,0,0.000541771,0.004442518,0,0,0,0,0,0,0,0,0,0,0,0,0,0,0.000325062,0,0,0,0,0,0,0,0,0,0.007259725,0,0,0.005092643,0,0,0,0,0,0.000325062,0,0,0,0,0,0.003900748,0,0,0,0,0,0.005742767,0,0,0,0,0,0,0.001733666,0,0.004009102,0.006826308,0,0.073680789,0,0,0,0,0,0,0,0,0,0,0,0,0.023187778,0.002925561,0,0,0,0,0.000758479,0,0,0,0.001733666,0,0,0,0.003900748,0,0,0,0,0,0.014411095,0,0,0,0.013327554,0,0,0,0,0,0.014302741,0,0,0.005309351,0,0,0,0,0,0,0,0,0.028172066,0.00845162,0,0,0,0,0,0,0,0,0.004442518,0,0,0
X5_8_2_6,6,high,late_high,0,0,0,0,0,0,0,0,0,0,0,0,0,0.003984287,0,0,0,0.001683502,0.003815937,0.003815937,0.027160494,0,0,0,0.052637486,0,0,0,0,0,0,0,0,0,0,0,0,0.020594837,0.003367003,0,0,0,0,0,0,0,0,0,0.007575758,0,0.005892256,0,0,0,0,0.003647587,0,0,0,0.028787879,0,0,0,0,0,0,0,0,0,0,0,0.007407407,0,0,0.000841751,0,0,0,0,0,0,0,0,0,0,0,0,0,0,0,0,0,0,0,0,0,0,0,0,0,0.000561167,0,0,0,0,0.007687991,0,0,0,0,0.00016835,0,0,0.001627385,0,0,0,0,0,0,0.000280584,0,0,0,0,0,0,0,0,0,0,0,0,0.047306397,0,0.000673401,0,0,0,0,0,0,0.051290685,0,0,0.011335578,0,0,0,0,0,0.004208754,0.009034792,0,0,0,0,0,0,0.016891134,0,0,0,0,0.006004489,0,0,0,0,0,0,0,0,0,0,0.001907969,0,0,0,0,0,0,0.006285073,0.002974186,0,0,0,0,0,0,0,0,0,0.002861953,0,0,0,0,0,0,0,0.002300786,0,0,0,0,0.001066218,0,0,0,0,0,0,0,0,0,0,0,0.036026936,0,0,0,0,0,0,0.029292929,0,0,0,0,0,0,0,0,0.006453423,0.00016835,0,0,0,0,0,0.000448934,0,0,0,0.001010101,0,0,0,0,0,0,0,0.00016835,0,0,0.016161616,0.007968575,0,0,0.004601571,0,0,0,0,0.001066218,0,0,0,0,0,0,0.010998878,0,0,0,0,0,0,0,0,0,0,0.113636364,0,0.010886644,0,0,0,0,0,0.013860831,0,0,0,0,0,0,0.038271605,0,0,0,0.008529742,0,0,0,0,0,0,0,0,0,0,0.002637486,0,0,0.000505051,0,0,0,0.000280584,0,0,0,0,0,0.000448934,0,0,0,0,0.000224467,0,0,0,0,0,0,0,0,0,0,0,0,0,0.008193042,0.066161616,0,0,0.000224467,0,0,0.002076319,0,0,0,0,0,0,0,0.001122334,0.002469136,0,0,0,0,0,0,0,0.025084175,0,0,0,0,0,0,0.002693603,0,0,0.014534231,0,0,0,0,0,0,0,0,0,0,0,0,0.028731762,0,0,0,0,0,0,0,0,0,0,0,0,0,0,0,0,0,0.001010101,0,0,0,0,0.000392817,0.006397306,0,0,0,0,0,0.044332211,0,0,0.009539843,0.000505051,0,0,0,0,0,0,0,0.071661055,0.056734007,0.001571268,0,0,0,0.003310887,0,0.003310887,0,0,0,0.000617284,0
X5_8_3_6,6,low,late_low,0.002372379,0,0,0,0,0,0,0,0.000127092,0,0,0,0,0,0.001101462,0,0,0.001228553,0,0.001906376,0.001652192,0.000720186,0,0.000127092,0.05303961,0,0,0,0.005930947,0,0.050074137,0,0,0,0,0,0.005041305,0.001482737,0,0,0,0,0,0.009065876,0,0,0,0,0,0,0.001270917,0.000423639,0,0,0,0.002838382,0,0,0,0.005253124,0,0.000889642,0,0,0,0.001525101,0,0,0,0,0.002245287,0,0,0,0.057826732,0,0,0,0,0,0,0,0.004914213,0.000466003,0.001821648,0,0,0,0,0,0,0,0,0,0,0,0,0.002202923,0,0,0.017919932,0,0,0,0,0.049142131,0,0,0.000635459,0.00097437,0,0.005634399,0,0.002584198,0,0.002202923,0.000889642,0,0,0,0.000338911,0,0,0.002118195,0,0,0,0,0,0,0,0,0,0.006693497,0,0.001313281,0,0,0,0,0,0,0,0,0,0.00271129,0,0,0,0,0,0.00271129,0,0,0,0,0,0,0,0.004532938,0,0,0.00097437,0,0.001270917,0,0,0,0,0.000508367,0,0,0,0,8.47278E-05,0.002287651,0,0.00173692,0,0,0,0.001016734,0.001694556,0.000635459,0.003431476,0,0.000677822,0,0,0,0,0,0,0.001143825,0,0,0.01724211,0,0,0,0,0.000508367,0.000338911,0,0,0.002202923,0,0,0,0,0,0,0,0.000508367,0,0,0,0,0.126074984,0,0,0,0,0,0,0.027324719,0,0,0,0,0,0,0.000677822,0,0.001440373,0.000254183,0,0,0,0,0,0,0,0,0,0,0,0,0,0,0,0,0,0.017072654,0,0,0.001652192,0.02787545,0.001525101,0,0,0.001059098,0,0.002118195,0.000169456,0,0.003134929,0,0,0,0,0,0.001821648,0,0,0,0.001186189,0,0.001313281,0,0,0,0,0.160982843,0,0,0,0,0,0,0,0.001525101,0,0.003219657,0,0,0,0,0,0,0.001016734,0,0,0,0,0,0.000550731,0,0,0,0,0,0,0.012709172,0,0,0.005464944,0.000932006,0.005168397,0.000847278,0.000550731,0.006015675,0.012412624,0,0,0,0,0,0.011734802,0,0,0,0,0,0.001059098,0,0,0.000254183,0,0,0,0,0,0,0,0.002753654,0.000593095,0,0,0.000550731,0,0.004744757,0,0,0.001059098,0,0.001186189,0.009150604,0,0,0.00249947,0.001482737,0,0,0,0,0.004744757,0.002202923,0,0.001482737,0,0,0.000338911,0.010972252,0.001228553,0,0.001059098,0.002118195,0,0.016649015,0.021054861,0,0,0.004066935,0,0,0,0.000127092,0,0,0,0,0.055877992,0,0,0,0.00271129,0,0,0,0,0,0.000847278,0,0,0,0.001398009,0,0,0,0.000508367,0.003939843,0,0,0.001440373,0.001567465,0.002838382,0,0,0,0.001567465,0,0,0,0.000296547,0.000804914,0,0,0,0,0,0,0,0.000338911,0.017708113,0.021054861,0,0,0,0,0,0,0,0,0.005253124,0,0.000423639,0
X5_3_3_13,13,high,late_high,0,0,0,0,0,0,0,0,0,0,0,0,0,0,0,0,0,0,0.046287724,0,0,0,0,0,0,0,0,0,0,0,0.040085169,0,0,0,0,0,0,0,0,0,0,0,0,0,0,0,0,0,0,0,0,0,0,0,0,0,0,0,0,0,0,0,0,0,0,0,0,0,0,0,0,0,0,0,0,0,0,0,0,0,0,0,0,0,0,0,0,0,0,0.000462877,0,0,0,0.00731346,0,0,0,0,0,0,0,0,0,0,0,0,0,0,0,0,0,0,0,0,0,0,0,0,0,0,0,0,0,0,0,0,0,0,0,0,0,0,0,0,0,0,0,0,0,0,0,0,0.422144047,0,0,0,0,0,0,0,0,0,0,0,0,0,0,0,0,0,0,0,0,0,0,0,0,0,0,0,0,0,0,0,0,0,0,0,0,0,0,0,0,0,0,0,0,0,0,0,0,0,0,0,0,0,0,0,0,0,0,0,0,0,0,0,0,0,0,0,0,0,0,0,0,0,0.000740604,0,0,0,0,0,0,0,0,0,0,0,0,0,0,0,0,0,0,0,0,0,0,0,0,0,0,0,0,0,0,0,0,0,0,0,0,0,0,0,0,0,0,0,0,0,0,0,0,0,0,0,0,0,0,0,0,0,0,0,0,0,0,0,0,0.02157008,0,0.461396038,0,0,0,0,0,0,0,0,0,0,0,0,0,0,0,0,0,0,0,0,0,0,0,0,0,0,0,0,0,0,0,0,0,0,0,0,0,0,0,0,0,0,0,0,0,0,0,0,0,0,0,0,0,0,0,0,0,0,0,0,0,0,0,0,0,0,0,0,0,0,0,0,0,0,0,0,0,0,0,0,0,0,0,0,0,0,0,0,0,0,0,0,0,0,0,0,0,0,0,0,0,0,0,0,0,0,0,0,0,0,0,0,0,0,0,0,0,0,0,0,0,0,0,0,0,0,0,0,0,0,0,0,0,0,0,0,0,0,0,0,0,0,0,0,0,0,0,0,0,0,0,0,0,0,0,0,0,0,0,0,0,0,0,0
X5_3_4_13,13,high,late_high,0,0,0,0,0,0,0,0,0,0,0,0,0,0,0,0,0,0,0.013369901,0,0,0,0,0,0,0,0,0,0,0,0.173237344,0,0,0,0,0,0,0,0,0,0,0,0,0,0,0,0,0,0,0,0,0,0,0,0,0,0,0,0,0,0,0,0,0,0,0,0,0,0,0,0,0,0,0,0,0,0,0,0,0,0,0,0,0,0,0,0,0,0,0,0,0,0,0.013255628,0,0,0,0,0,0,0,0,0,0,0,0,0,0,0,0,0,0,0,0,0,0,0,0,0,0,0,0,0,0,0,0,0,0,0,0,0,0,0,0,0,0,0,0,0,0,0,0,0.703233916,0,0,0,0,0,0,0,0,0,0,0,0,0,0,0,0,0,0,0,0,0,0,0,0,0,0,0,0,0.000571363,0,0,0,0,0,0,0,0,0,0,0,0,0,0,0,0,0.000342818,0,0,0,0,0,0,0,0,0,0,0,0,0,0,0,0,0,0,0,0,0,0,0,0,0,0,0,0.003999543,0,0,0,0,0,0,0,0,0.001142727,0,0,0,0,0,0,0,0,0,0,0,0,0,0,0,0,0,0,0,0,0,0,0,0,0,0,0,0,0,0.000457091,0,0,0,0,0,0,0,0,0,0,0,0,0,0.000342818,0,0,0,0,0,0,0,0,0,0,0,0.014969718,0,0.041823792,0,0,0,0,0,0,0,0,0,0,0,0,0,0,0,0,0,0,0,0,0,0,0,0,0,0,0,0,0,0,0,0,0,0,0,0,0,0,0,0,0,0,0,0.032224889,0,0,0,0,0,0,0,0,0,0,0,0,0,0,0,0,0,0,0,0,0.001028454,0,0,0,0,0,0,0,0,0,0,0,0,0,0,0,0,0,0,0,0,0,0,0,0,0,0,0,0,0,0,0,0,0,0,0,0,0,0,0,0,0,0,0,0,0,0,0,0,0,0,0,0,0,0,0,0,0,0,0,0,0,0,0,0,0,0,0,0,0,0,0,0,0,0,0,0,0,0,0,0,0,0,0,0,0,0,0,0,0,0,0,0,0,0,0,0,0,0,0
X5_5_3_13,13,high,late_high,0.002255003,0,0,0,0,0,0,0,0.000657709,0,0,0,0,0,0,0,0,0,0,0,0.003570422,0,0,0,0.024992953,0,0.000281875,0,0.025086912,0,0.009771681,0,0,0.019073569,0,0,0,0,0,0,0,0,0,0,0,0,0,0,0,0,0.002161045,0,0,0,0,0.00244292,0,0,0,0.023395659,0,0,0,0,0,0,0,0,0,0,0.001879169,0,0,0,0.000657709,0,0,0,0.001127502,0,0,0,0,0,0.001315419,0,0,0,0,0,0,0,0,0,0,0.003476463,0,0.001127502,0,0,0.061073006,0,0,0,0,0.022925867,0.000281875,0,0,0.000845626,0,0,0,0.001033543,0,0,0,0,0,0,0,0,0,0.002630837,0,0,0,0,0,0,0,0,0,0,0,0,0,0,0,0,0,0,0,0,0,0.015221272,0,0,0,0,0,0.00432209,0,0,0,0,0.000187917,0,0,0.021234614,0,0,0.001315419,0,0.002536879,0.013154186,0,0,0,0.000469792,0,0,0,0,0,0,0,0.001973128,0,0,0,0,0,0.000845626,0,0.000281875,0,0,0,0,0,0,0,0,0,0,0.032791506,0,0,0,0,0.002348962,0,0,0,0,0,0,0,0,0,0,0,0,0,0,0,0,0.026966081,0,0,0,0,0,0,0.009865639,0,0,0,0,0,0,0.000469792,0,0,0,0,0,0,0,0,0,0,0,0,0.000939585,0,0.000563751,0,0,0,0,0,0.038898807,0,0,0.003758339,0.01963732,0.00488584,0,0,0,0,0,0,0,0.003476463,0,0,0,0,0,0.003758339,0,0,0,0,0,0,0,0.000469792,0,0,0.16217232,0,0,0,0,0,0,0,0.003288546,0.002724796,0.01042939,0,0,0,0,0.001127502,0,0,0,0,0,0,0,0,0,0,0,0.004510007,0,0,0.030630461,0,0,0.004603965,0.002724796,0.006858968,0,0,0.014281687,0.032791506,0,0,0,0,0,0.031570046,0,0,0,0,0,0.001879169,0,0,0,0,0,0,0,0,0,0,0.001409377,0.002724796,0,0,0.000563751,0,0,0,0,0.002912713,0.000845626,0,0,0,0,0,0,0,0,0,0,0.014093771,0.000563751,0,0.005167716,0,0,0.000845626,0.030912337,0,0,0,0,0,0.044348398,0.000939585,0,0,0.010993141,0,0,0,0,0,0,0,0,0.055529456,0.008926055,0,0,0,0.006952927,0,0,0,0,0.003194588,0,0,0,0,0,0,0,0.000939585,0.010805224,0,0,0,0,0.00432209,0,0,0,0,0,0.000469792,0.008362304,0,0.001127502,0,0.000469792,0,0.000187917,0,0,0,0,0.031851921,0.008268345,0.005167716,0,0,0,0.000657709,0,0,0,0,0,0,0.004416048
X5_5_4_13,13,low,late_low,0,0,0,0,0,0,0,0,0,0,0,0,0,0,0,0,0,0,0.105070173,0,0,0,0,0,0,0.000505753,0,0,0,0,0.151725882,0,0,0,0,0,0,0,0,0,0,0,0,0,0,0,0,0,0,0,0,0,0,0,0,0,0,0,0,0,0,0,0,0,0,0,0,0,0,0,0,0,0,0,0,0,0,0,0,0,0,0,0,0,0,0,0,0,0,0,0,0,0,0,0,0,0,0,0,0,0,0,0,0,0,0,0,0,0,0,0,0,0,0,0,0,0,0,0,0,0,0,0,0,0,0,0,0,0,0,0,0,0,0,0,0,0,0,0,0,0,0,0.376533064,0,0,0,0,0,0,0,0,0,0,0,0,0,0,0,0,0,0,0,0.003160956,0,0,0,0,0,0,0,0,0,0,0,0,0,0,0,0,0,0,0,0,0,0,0,0,0,0,0,0,0,0,0,0,0,0,0,0,0,0,0,0,0,0,0,0,0,0,0,0,0,0,0,0,0,0,0,0,0,0,0,0,0,0,0,0,0,0,0,0,0,0,0,0,0,0,0,0,0,0,0,0,0,0,0,0,0,0,0,0,0,0,0,0,0,0,0,0,0,0,0,0,0,0,0,0,0,0,0,0,0,0,0,0.001517259,0,0,0,0,0.000252876,0,0.030598053,0,0.330130231,0,0,0,0,0,0,0,0,0,0,0,0,0,0,0,0,0,0,0,0,0,0,0,0,0,0,0,0,0,0,0,0,0,0,0,0,0,0,0,0,0,0,0,0,0,0,0,0,0,0,0,0,0,0,0,0,0,0,0,0,0,0,0,0,0,0,0,0,0,0,0,0,0,0,0,0,0,0,0,0,0,0,0,0,0,0,0,0,0,0,0,0,0,0,0,0,0,0,0,0,0,0,0,0,0,0,0,0,0,0,0,0,0,0,0,0,0,0,0,0.000505753,0,0,0,0,0,0,0,0,0,0,0,0,0,0,0,0,0,0,0,0,0,0,0,0,0,0,0,0,0,0,0,0,0,0,0,0,0,0,0,0,0,0,0,0
X5_6_2_13,13,low,late_low,0,0,0,0,0,0,0,0,0.002703367,0,0,0,0,0,0,0,0,0.002211846,0.014376997,0.003563529,0.005038093,0,0,0,0.02334726,0,0,0,0,0,0.02752519,0,0,0,0,0,0,0.019046449,0,0,0,0,0,0,0,0,0,0,0.00380929,0,0,0,0,0,0,0.005406734,0,0,0,0.005652494,0,0,0,0,0,0,0,0,0,0,0.001597444,0.019906611,0,0,0,0,0,0,0,0,0.002703367,0,0,0,0,0.002457606,0,0,0,0,0,0,0,0,0,0,0,0,0,0,0.001966085,0,0,0,0,0,0,0,0,0,0,0,0,0.003686409,0,0,0,0,0,0,0.000737282,0,0,0,0,0,0,0,0,0,0,0,0,0.00786434,0,0,0,0,0,0,0,0,0,0,0,0.009584665,0.003194888,0,0,0,0,0,0.020152372,0,0,0,0,0,0,0.010936348,0,0,0.001597444,0,0.001351683,0,0,0,0,0.002457606,0,0,0,0,0,0.000614402,0,0,0,0,0,0,0,0,0,0,0,0,0,0,0,0.000245761,0,0.002088965,0,0,0,0,0,0,0,0.002826247,0,0,0,0,0,0,0,0,0,0,0,0,0,0,0,0,0.024698943,0,0.001105923,0,0,0,0,0.237281887,0,0,0,0,0,0,0,0,0,0,0,0,0,0,0,0,0,0,0,0,0,0,0,0,0,0,0,0,0,0,0.01548292,0.013639715,0,0,0.003440649,0,0,0,0,0,0,0,0,0,0,0,0.005529614,0,0,0,0,0,0,0,0,0,0,0.019906611,0,0.024207422,0,0.001105923,0,0,0,0.015360039,0,0,0,0,0,0,0.076923077,0,0.000860162,0,0,0,0,0,0,0,0,0,0,0,0,0.005283854,0,0,0.001597444,0,0,0,0,0,0,0,0,0,0,0,0,0.009584665,0,0,0,0,0,0,0,0,0,0,0,0,0,0,0,0.004546572,0.02334726,0,0,0,0,0,0,0,0,0.000614402,0,0,0,0,0,0,0,0,0,0,0,0.000983043,0,0.00393217,0,0,0,0,0,0,0.002334726,0,0,0.042762349,0.001597444,0,0,0,0,0,0,0,0,0,0,0,0.02740231,0,0.000368641,0,0,0.012288031,0,0.007372819,0,0,0,0,0,0,0,0,0,0.000614402,0,0,0,0,0,0.000491521,0,0,0,0,0,0,0.092651757,0,0,0.018677808,0,0,0,0,0,0,0,0,0.042147948,0.039936102,0.009953305,0,0,0,0.003317768,0,0,0,0,0,0,0
X5_6_3_13,13,low,late_low,0,0,0,0,0,0.000236899,0,0,0,0,0,0,0,0.00445371,0,0,0,0,0.023737326,0.003695632,0.086468303,0,0,0,0.028333175,0,0,0,0,0,0.096986639,0,0,0,0,0,0,0.007912442,0,0,0.002653274,0,0,0,0,0,0,0,0.003743011,0,0.005448688,0.000852838,0,0,0,0.002084715,0,0,0,0.002795414,0,0,0,0,0,0.000805458,0,0,0,0,0.001989955,0.031175969,0,0,0.001800436,0,0,0,0,0,0.001563536,0,0,0.000331659,0,0.001279257,0,0,0,0,0,0.000568559,0,0,0,0,0,0,0,0,0.000473799,0,0,0,0,0.006633185,0,0,0,0,0,0,0,0.00426419,0,0,0,0,0,0,0.001089738,0,0,0,0,0,0,0,0.000852838,0,0,0,0,0.009475978,0,0,0,0,0,0,0,0,0.002605894,0,0,0.003411352,0.000426419,0,0,0,0,0.000900218,0.00886004,0,0,0,0,0,0,0.005211788,0,0,0.000758078,0,0.003506112,0.000805458,0,0,0,0.001184497,0,0,0,0,0,0.002368995,0,0,0,0,0,0,0.000900218,0,0,0,0,0,0,0.000947598,0,0,0,0.001563536,0,0,0,0,0,0,0,0,0,0,0,0,0.000521179,0,0,0,0.000236899,0,0,0,0.000236899,0,0,0,0.082535772,0,0,0,0,0,0,0.004074671,0,0.001089738,0,0,0,0,0,0,0.001895196,0,0,0,0,0,0,0,0,0,0,0,0,0,0,0,0,0,0,0,0,0,0.018715057,0.006017246,0.000994978,0,0.005875107,0,0,0,0,0,0,0,0,0,0,0,0.006112006,0,0,0.000758078,0,0,0,0,0,0,0,0.104046243,0,0.014877286,0,0,0,0,0,0.008149341,0.000379039,0,0,0,0,0,0.011371174,0,0,0,0.028048896,0,0,0,0,0.001753056,0,0,0,0,0,0.005353928,0,0,0.001658296,0.000615939,0,0.000426419,0,0,0,0,0,0,0.000331659,0,0,0,0,0.000852838,0,0,0,0,0,0,0,0,0,0,0,0,0,0,0.047948451,0,0,0.000663318,0,0,0.001137117,0,0,0.000426419,0,0,0,0,0,0.001184497,0,0,0,0,0,0.002274235,0,0.00886004,0,0,0,0,0,0,0.001326637,0,0,0.005259168,0.001279257,0,0,0,0,0,0,0,0,0,0,0,0.053254999,0,0,0,0,0,0,0.042499763,0,0,0.000473799,0,0,0,0.001042358,0,0,0,0.002416374,0,0,0,0.001563536,0.000615939,0.003363972,0,0,0,0,0,0.068463944,0,0,0.050696484,0,0,0,0,0.001942576,0,0,0,0.022979248,0.00426419,0,0,0,0,0.001468777,0,0,0,0.002511134,0,0,0
X5_7_1_13,13,low,late_low,0,0,0,0,0,0,0,0,0.001899991,0,0,0,0,0,0,0,0,0,0.005440884,0.001209085,0.004145436,0.000690906,0,0,0.038949823,0,0,0,0,0,0.046290699,0,0,0,0,0,0,0.00345453,0,0,0,0,0.000345453,0,0,0,0,0,0,0,0,0.001122722,0,0,0,0.002159081,0,0,0,0.004145436,0,0,0,0,0,0,0,0,0,0,0,0.003109077,0,0,0.007859055,0,0,0,0,0,0.000949996,0,0,0,0,0.001295449,0,0,0,0,0,0.000690906,0,0,0,0,0,0,0,0,0.001986355,0,0,0,0,0.018481734,0,0,0,0,0,0,0,0,0,0,0,0,0,0,0,0,0,0,0,0,0,0,0,0,0.002849987,0,0,0.028154417,0,0,0,0,0,0,0,0.00025909,0.001727265,0,0,0,0.000949996,0.000345453,0,0,0,0,0.017013559,0,0,0,0,0,0,0.008118145,0,0,0.000604543,0,0.002159081,0,0,0,0,0.000518179,0,0,0,0,0,0.000777269,0,0,0,0,0,0,0.004231799,0,0.002159081,0,0,0,0,0,0,0,0,0.000949996,0,0,0,0.00025909,0.000690906,0,0,0,0,0,0,0,0,0,0,0,0,0,0,0,0,0,0,0,0.220226272,0,0,0,0,0,0,0.088090509,0,0,0.001209085,0,0,0,0,0,0.001036359,0,0,0,0,0,0,0,0,0,0,0,0,0,0,0.00025909,0,0,0,0,0,0,0.006995423,0.00690906,0,0,0,0,0,0,0,0,0,0,0,0,0,0,0.002763624,0,0,0,0,0,0,0,0,0,0,0.160981086,0,0.004490889,0,0,0,0.000604543,0,0.001122722,0,0,0,0,0,0,0.039554366,0,0,0,0,0,0,0,0,0,0,0,0,0.000949996,0,0.013127213,0,0,0.001813628,0.001036359,0,0.000777269,0,0,0,0,0,0,0,0,0,0,0,0,0,0,0,0,0,0,0,0,0,0,0.00025909,0,0,0,0.00690906,0,0,0,0.000345453,0,0,0,0,0,0,0,0,0,0,0.00345453,0,0,0,0,0,0.002849987,0,0.002590897,0,0,0,0,0.001209085,0,0.001727265,0,0,0.005009068,0.003627256,0,0,0,0,0,0,0,0,0,0,0,0.115985836,0,0,0,0.002677261,0.003109077,0,0.001209085,0,0,0,0,0,0,0,0,0,0,0.000949996,0,0,0,0.000431816,0,0.001295449,0,0,0,0,0,0.025218067,0,0,0.002763624,0,0,0,0,0,0.000777269,0,0,0.009068141,0.037395285,0.002245444,0,0,0,0.000518179,0,0,0,0,0,0.000431816,0
X5_7_3_13,13,low,late_low,0,0,0,0,0,0,0,0,0.002133618,0,0,0,0,0,0,0,0,0,0.007334311,0,0.015068676,0,0,0,0.027203627,0,0,0,0,0,0.149219896,0,0,0,0,0,0,0,0,0,0,0,0,0,0,0,0,0,0,0,0,0,0,0,0,0,0,0,0,0.002800373,0,0,0,0,0,0,0,0,0,0,0,0,0,0,0.005467396,0,0,0,0,0,0,0,0,0,0,0.000800107,0,0,0,0,0,0,0,0,0,0,0,0.00120016,0,0,0.001466862,0,0,0,0,0.018402454,0,0,0,0,0,0,0,0.00360048,0,0,0,0,0,0,0.00120016,0,0,0,0,0,0,0,0,0,0,0,0,0.01680224,0,0,0,0,0,0,0,0,0.002667022,0,0,0.010001334,0,0,0,0,0,0,0,0,0,0,0,0,0,0,0,0.002667022,0,0,0,0,0,0,0,0.001600213,0,0,0,0,0,0,0.000533404,0,0,0,0,0,0.00240032,0,0.000800107,0,0,0,0,0,0,0,0,0,0,0,0,0,0,0.000266702,0,0.002000267,0,0,0,0,0,0,0,0,0,0,0,0,0,0,0,0,0.241098813,0,0,0,0,0,0,0.01560208,0,0.003867182,0,0,0,0,0,0,0,0,0,0,0,0,0,0,0,0,0,0,0,0,0,0,0,0.000400053,0,0,0,0,0.006400853,0.007867716,0,0,0,0,0,0,0,0,0,0,0,0,0,0,0,0,0,0,0,0,0,0,0,0,0,0.070276037,0.001600213,0,0,0,0,0,0,0.000933458,0,0,0,0,0,0,0.017869049,0,0,0,0,0,0,0,0,0,0,0,0,0,0,0.006534205,0,0,0.00120016,0,0,0,0,0,0,0,0,0,0,0,0,0,0,0,0,0,0,0,0,0,0,0,0,0,0,0,0,0,0.013601814,0,0,0,0,0,0,0,0,0,0,0,0,0,0,0,0,0,0,0.001066809,0,0.001066809,0,0.003333778,0,0,0,0,0,0,0,0,0,0.008267769,0,0,0,0,0,0,0,0,0,0,0,0,0.199226564,0,0,0,0,0,0,0.00240032,0,0,0,0,0,0,0,0,0,0,0.000933458,0,0,0,0,0,0.008134418,0,0,0,0,0,0.025736765,0,0,0.007467662,0,0,0,0,0,0,0,0,0.006400853,0.068942526,0,0,0,0,0.001066809,0,0,0,0.003067076,0,0,0
X5_8_1_13,13,low,late_low,0,0,0,0,0,0,0,0,0.0026054,0,0,0,0,0,0,0,0,0,0,0,0.005329228,0,0,0,0.014803411,0,0,0,0,0,0.040857414,0,0,0,0,0,0,0.004263382,0,0,0,0,0,0,0,0,0,0,0,0,0.009000474,0,0,0.000828991,0.000473709,0.005092373,0,0,0,0.028422549,0,0,0,0,0,0.006276646,0.000355282,0,0,0.011487447,0.0026054,0,0,0,0.000473709,0,0,0,0,0,0,0,0,0,0,0.000710564,0.000592136,0,0,0,0,0,0,0,0,0,0,0.002368546,0,0,0.043225959,0,0,0,0,0,0,0,0,0.001065846,0,0,0,0.010421601,0,0,0,0,0,0,0.001065846,0,0.000828991,0,0,0,0,0,0,0,0,0,0,0.00438181,0,0,0,0,0,0,0,0,0,0,0,0.011842729,0,0,0,0,0,0.013855992,0,0,0,0,0,0,0,0.014921838,0,0.022501184,0.001421127,0,0.0013027,0,0,0,0,0.001065846,0,0,0,0,0,0,0,0,0,0,0,0,0,0,0,0.000828991,0.002013264,0,0,0.002368546,0,0,0,0.001894837,0,0,0.052936997,0,0.003434391,0,0,0,0,0,0,0,0,0,0,0,0,0,0,0,0,0,0,0,0.007224064,0,0,0,0,0,0,0.034699195,0,0,0,0,0,0,0,0,0.003434391,0,0,0,0,0,0,0,0,0,0,0,0,0,0,0,0,0,0,0,0.008053055,0,0.006868783,0.00959261,0,0,0,0,0,0,0,0,0,0,0,0,0,0,0.00828991,0,0,0,0,0,0,0,0,0,0,0.132756987,0,0.013500711,0,0,0,0,0,0.028896258,0,0,0,0,0,0,0.004144955,0,0,0,0,0,0,0,0,0,0,0,0,0,0,0,0,0,0.011369019,0,0.009947892,0,0,0.008882046,0,0,0,0,0,0,0,0,0,0,0,0,0,0,0,0,0,0,0,0,0,0,0,0,0.014092847,0,0,0,0,0,0,0,0,0,0,0,0,0,0,0.007342492,0,0,0,0,0,0,0,0.005447655,0,0,0,0,0.006513501,0,0.003789673,0,0,0.129085741,0.000710564,0,0,0,0,0,0,0,0.000592136,0,0,0,0.030791094,0.029369967,0,0,0,0,0,0,0,0,0.001539555,0,0,0,0.005566082,0,0,0,0,0,0.012790147,0,0,0,0.006750355,0,0,0,0,0,0.066674562,0,0,0,0.000592136,0,0,0,0,0,0,0,0.045949787,0.005566082,0,0,0,0,0.002842255,0,0,0,0,0,0.000710564,0.007697774
X5_8_2_13,13,high,late_high,0,0,0,0,0,0,0,0,0,0,0,0,0,0,0,0,0,0,0.075217547,0,0,0,0,0,0,0,0,0,0,0,0.020741447,0,0,0,0,0,0,0.00607939,0,0,0,0,0,0,0,0,0,0,0,0,0,0,0,0,0,0,0,0,0,0,0,0,0.000476815,0,0,0,0,0,0,0,0,0,0,0,0,0,0,0,0,0,0,0,0,0,0,0,0,0,0,0,0,0,0,0.208368101,0,0,0,0,0,0,0,0,0,0,0,0,0,0,0,0,0,0,0,0,0,0,0,0,0,0,0,0,0,0,0,0,0,0,0,0,0,0,0,0,0,0,0,0,0,0,0,0,0.333174395,0,0,0.002026463,0.001311241,0,0,0,0,0,0,0,0,0,0,0,0,0,0,0,0,0,0,0,0,0,0,0,0,0,0,0,0,0,0,0,0,0,0,0,0,0,0,0,0,0,0,0,0,0,0,0,0,0,0,0,0,0,0,0,0,0,0,0,0,0,0,0,0,0,0,0,0,0,0.000834426,0,0.009536298,0,0,0,0,0,0,0,0,0,0,0,0,0,0,0,0,0,0,0,0,0,0.00095363,0,0,0,0,0,0,0,0,0,0,0,0,0,0,0,0,0,0,0,0,0,0,0.001311241,0,0,0,0,0,0,0,0,0.002503278,0,0,0,0,0,0,0,0,0,0,0.323161283,0,0,0,0,0,0,0,0.00190726,0,0,0,0,0,0,0,0,0,0,0,0,0,0,0,0,0,0,0,0,0,0,0,0,0,0,0,0,0,0,0,0,0,0,0,0,0,0,0.000238407,0,0,0,0,0,0,0,0,0,0,0,0,0,0,0,0,0,0.000596019,0,0,0,0,0,0,0,0,0,0,0,0,0,0,0,0,0,0,0,0,0,0,0,0,0,0,0,0.000476815,0,0,0,0,0,0,0,0,0,0,0,0,0,0,0,0.001311241,0,0,0,0,0,0,0,0,0,0,0,0,0,0,0,0,0,0,0,0,0,0,0,0,0,0,0,0,0,0,0,0,0,0,0,0.000357611,0,0,0,0,0,0.009417094,0,0,0,0,0,0,0,0,0,0,0,0,0
X5_8_3_13,13,low,late_low,0.005415793,0,0,0,0,0,0,0,0.002096436,0,0,0,0,0,0,0,0,0,0,0.00349406,0.008211041,0,0,0,0.025506639,0,0,0,0,0,0.144129979,0,0,0,0,0,0,0,0,0,0,0,0,0,0,0,0,0,0,0,0.003843466,0,0,0,0,0,0,0,0,0.00349406,0,0,0,0,0,0,0,0,0,0,0,0,0,0,0.002445842,0,0,0,0,0,0,0,0,0,0,0,0,0,0,0,0,0,0,0,0,0,0,0.002620545,0,0,0.016422082,0,0,0,0,0.007337526,0,0,0,0,0,0,0,0.004192872,0,0,0,0,0,0,0,0,0,0,0,0,0,0,0,0,0,0,0,0.011180992,0,0,0,0,0,0,0,0,0.00698812,0.000873515,0,0,0,0,0,0,0,0,0,0,0,0,0,0,0,0.006813417,0,0,0.001222921,0,0.004367575,0.004542278,0,0,0,0,0,0,0,0,0.008909853,0,0,0,0,0,0,0,0,0,0,0,0,0,0,0,0,0,0,0,0,0,0,0,0,0,0,0.002969951,0,0,0,0,0.001572327,0,0,0,0,0,0,0,0,0,0,0,0.121593291,0,0,0,0,0,0,0.015373864,0,0,0,0,0,0,0.001048218,0.000524109,0,0,0,0,0,0,0,0,0,0,0,0.00174703,0,0,0,0,0,0,0,0.022886094,0,0,0.002620545,0.01397624,0,0,0.001222921,0,0,0.004192872,0,0,0,0,0,0,0,0,0.002271139,0,0,0,0.000873515,0,0,0,0,0,0,0.202480783,0,0,0,0,0,0,0,0,0,0.021313767,0,0,0,0,0.001921733,0,0.000698812,0,0,0,0,0,0,0,0,0,0,0,0,0.068832984,0,0.000349406,0.004018169,0,0.004891684,0,0,0.01799441,0,0,0,0,0,0,0.010307477,0,0,0,0,0,0,0,0,0,0,0,0,0,0,0,0,0.005066387,0.002795248,0,0,0.000698812,0,0,0,0,0,0,0,0.007162823,0,0,0.001048218,0.004542278,0,0,0,0,0,0,0,0,0,0,0,0,0,0,0,0,0,0.011180992,0.003319357,0,0,0,0.002271139,0,0,0,0,0,0,0,0.083857442,0,0,0,0.002096436,0,0,0,0,0,0.002445842,0,0,0,0.001397624,0,0,0,0,0.001921733,0,0,0,0,0.005939902,0,0,0,0,0,0.012753319,0,0,0,0,0,0,0,0,0,0,0,0.025157233,0.015548567,0,0,0,0.000349406,0.002795248,0.000698812,0,0,0.007162823,0,0,0